Date,Symbol,Series,Prev Close,Open Price,High Price,Low Price,Last Price,Close Price,Average Price,Total Traded Quantity,Turnover,No. of Trades,Deliverable Qty,% Dly Qt to Traded Qty,pc_Open_Close,pc_High_Low,5_day_mean,5_day_std,Action
2017-05-22,BAJFINANCE,EQ,1289.15,1299,1304,1237.35,1240,1242.15,1264.99,873873,1105443652.65,39772,391500,44.8,-0.043764434180139,0.05386511496343,-0.013888507643105,0.017401132451689,-1
2017-05-23,BAJFINANCE,EQ,1242.15,1249.9,1265,1190.55,1230.7,1233.75,1231.01,1348383,1659867589.9,60446,466036,34.56,-0.012921033682695,0.062534122884381,-0.017461639736841,0.011974521440114,-1
2017-05-24,BAJFINANCE,EQ,1233.75,1234,1254.9,1210,1225,1224.35,1231.39,787101,969230740.9,42989,266289,33.83,-0.007820097244733,0.037107438016529,-0.015579773133772,0.012772416093555,-1
2017-05-25,BAJFINANCE,EQ,1224.35,1230,1268,1228.25,1263,1258.85,1250.15,905807,1132395407.4,38094,349445,38.58,0.023455284552846,0.032363118257684,-0.008396726349508,0.023705540082563,-1
2017-05-26,BAJFINANCE,EQ,1258.85,1261.7,1326.7,1261.7,1314.85,1317.8,1305.26,1306793,1705701981.25,40302,456603,34.94,0.044463818657367,0.051517793453277,0.004833404861626,0.032798945333734,-1
2017-05-29,BAJFINANCE,EQ,1317.8,1319.4,1333,1301.9,1309.95,1307.45,1318.58,652289,860093352.45,24119,192661,29.54,-0.009057147188116,0.023888163453414,0.010554231309117,0.025472648282139,-1
2017-05-30,BAJFINANCE,EQ,1307.45,1305.2,1324.9,1303.7,1322.35,1321.55,1317.44,513005,675851927.35,25635,204921,39.95,0.012526815813668,0.016261409833551,0.014063595212907,0.02363276294027,-1
2017-05-31,BAJFINANCE,EQ,1321.55,1323,1334.9,1316.1,1329.4,1326.95,1326.64,726284,963517605.55,42248,356399,49.07,0.002985638699924,0.014284628827597,0.016404626937919,0.021424524382102,-1
2017-06-01,BAJFINANCE,EQ,1326.95,1334,1339,1320.25,1323.8,1327.35,1329.35,387968,515743856.35,12771,156031,40.22,-0.004985007496252,0.014201855709146,0.010829272167123,0.021220940014823,-1
2017-06-02,BAJFINANCE,EQ,1327.35,1332.4,1365,1318,1362,1361.25,1346.17,668081,899348743.7,21491,198882,29.77,0.021652656859802,0.035660091047041,0.006571503057827,0.01256108145685,-1
2017-06-05,BAJFINANCE,EQ,1361.25,1368.55,1372.65,1348.05,1361.75,1363.1,1361.85,570009,776267840.05,16609,161674,28.36,-0.003982317050893,0.018248581284077,0.008414111874787,0.010406988517985,-1
2017-06-06,BAJFINANCE,EQ,1363.1,1363.4,1367.9,1325,1333.65,1336.65,1342.1,601678,807514827.35,22461,242587,40.32,-0.019620067478363,0.032377358490566,0.002376381826327,0.015962429872741,-1
2017-06-07,BAJFINANCE,EQ,1336.65,1341.1,1360,1335.1,1341.3,1343.15,1346.68,550988,742007098,15482,219513,39.84,0.001528595928715,0.018650288367913,0.002531740330618,0.015986991624027,-1
2017-06-08,BAJFINANCE,EQ,1343.15,1344.9,1372,1344.7,1360,1361.7,1360.76,570819,776748073.45,19214,220896,38.7,0.012491635065804,0.020301926080167,0.005233615269504,0.016643905251737,-1
2017-06-09,BAJFINANCE,EQ,1361.7,1358,1382,1343.7,1370,1376.85,1367.45,530582,725541900.15,23351,178831,33.7,0.013880706921944,0.028503386172509,0.002350853197243,0.013123558834169,-1
2017-06-12,BAJFINANCE,EQ,1376.85,1369.95,1383,1356.55,1369,1364.95,1367.4,370028,505978055.5,14815,103847,28.06,-0.003649768239717,0.019497991227747,0.000350460837592,0.014042637156518,-1
2017-06-13,BAJFINANCE,EQ,1364.95,1374,1380,1361,1362,1371.5,1373.62,435644,598410870.85,22238,190154,43.65,-0.001819505094614,0.013960323291697,0.005191062757544,0.00867700822622,-1
2017-06-14,BAJFINANCE,EQ,1371.5,1374.2,1375,1354,1360,1361,1365.29,634727,866584207.5,29134,339284,53.45,-0.009605588706156,0.015509601181684,0.0026873118005,0.010425372343387,-1
2017-06-15,BAJFINANCE,EQ,1361,1361.1,1413,1352.2,1409.3,1405.25,1386.17,1569774,2175971915,46282,740293,47.16,0.03243699948571,0.044963762756989,0.00642771986829,0.016812429346279,-1
2017-06-16,BAJFINANCE,EQ,1405.25,1415,1424.85,1403.3,1406,1410.3,1415.04,824516,1166727044.55,36654,332550,40.33,-0.003321554770318,0.015356659303071,0.004921293462951,0.016622608349153,-1
2017-06-19,BAJFINANCE,EQ,1410.3,1405.2,1421.7,1395.6,1400.1,1399.85,1405.58,426223,599091881.05,20625,170557,40.02,-0.003807287218901,0.018701633705933,0.005167922629377,0.016378397765969,-1
2017-06-20,BAJFINANCE,EQ,1399.85,1407.7,1432.9,1395.05,1411.5,1409.6,1418.2,781161,1107841162.4,38166,294753,37.73,0.00134971940044,0.027131644027096,0.005601186907824,0.016394834158047,-1
2017-06-21,BAJFINANCE,EQ,1409.6,1404.8,1426,1401,1419.9,1416.65,1416.69,449181,636348673.3,23993,170175,37.89,0.008435364464693,0.017844396859386,0.008132640927818,0.014728643113096,-1
2017-06-22,BAJFINANCE,EQ,1416.65,1419,1427,1395.3,1400,1401.8,1410.93,477586,673842667.65,31890,240623,50.38,-0.012121212121212,0.022719128502831,-0.000466425963568,0.00790790030613,-1
2017-06-23,BAJFINANCE,EQ,1401.8,1405,1415.5,1366,1400,1400.75,1391.87,620781,864045572.65,27030,213449,34.38,-0.003024911032028,0.036237188872621,-0.001334966675539,0.00758226963797,-1
2017-06-27,BAJFINANCE,EQ,1400.75,1400,1400,1336.75,1341,1349.95,1361.84,1053829,1435142568.55,37982,522564,49.59,-0.03575,0.047316252103984,-0.007106269665048,0.017654442622751,-1
2017-06-28,BAJFINANCE,EQ,1349.95,1341,1377,1313.9,1371,1372.35,1353.9,998218,1351490429.3,30259,430604,43.14,0.02337807606264,0.048024963848086,-0.005180634627426,0.019948939180645,-1
2017-06-29,BAJFINANCE,EQ,1372.35,1379,1394.85,1366.5,1369.65,1376.3,1381.08,726869,1003865047.95,17813,296476,40.79,-0.001957940536621,0.020746432491767,-0.005605263497339,0.019699054245657,-1
2017-06-30,BAJFINANCE,EQ,1376.3,1367.6,1380,1352.5,1373.55,1373.1,1364,496260,676901079.6,31246,216431,43.61,0.004021643755484,0.020332717190388,-0.003973783139462,0.019531223384297,-1
2017-07-03,BAJFINANCE,EQ,1373.1,1380,1390,1366.5,1384,1387.15,1380.67,446514,616490664.5,18913,193216,43.27,0.00518115942029,0.01719721917307,-0.001777511543881,0.020574080237732,-1
2017-07-04,BAJFINANCE,EQ,1387.15,1390,1408.75,1376.55,1378,1379.55,1388.07,704342,977677586.1,23191,350690,49.79,-0.007517985611511,0.023391812865497,0.004379973733344,0.009052933293989,-1
2017-07-05,BAJFINANCE,EQ,1379.55,1375,1407,1370.1,1399,1398.55,1391.6,643929,896093763.4,25001,298889,46.42,0.017127272727273,0.026932340705058,0.003815853704086,0.00814385868452,-1
2017-07-06,BAJFINANCE,EQ,1398.55,1398.9,1413.5,1392.35,1397.5,1399.3,1404.77,418130,587376329.2,25318,178634,42.72,0.000285938952034,0.01519014615578,0.003347452747137,0.00827752010299,-1
2017-07-07,BAJFINANCE,EQ,1399.3,1398.5,1403.6,1387.4,1393,1391.7,1395.07,202005,281811710.3,8185,75611,37.43,-0.004862352520558,0.011676517226467,0.002726210227724,0.008902645008782,-1
2017-07-10,BAJFINANCE,EQ,1391.7,1451.55,1451.55,1395.1,1411.55,1412.8,1410.24,150018,211560811.05,3910,96462,64.3,-0.026695601253832,0.040463049243782,0.003712008722935,0.010129899473407,-1
2017-07-11,BAJFINANCE,EQ,1412.8,1419.4,1431,1409.6,1422,1419.2,1422.27,665556,946603580.4,28991,319337,47.98,-0.000140904607581,0.015181611804767,0.005713782894368,0.008755298726675,-1
2017-07-12,BAJFINANCE,EQ,1419.2,1424.5,1452,1420,1452,1443.7,1435.9,654934,940419643,16957,308664,47.13,0.013478413478414,0.022535211267606,0.006411910872394,0.009651807894058,-1
2017-07-13,BAJFINANCE,EQ,1443.7,1452,1489.5,1450.9,1482.1,1485.9,1473.08,1011798,1490462162.6,45659,496745,49.1,0.023347107438017,0.026604176717899,0.012150746838687,0.013173087518289,-1
2017-07-14,BAJFINANCE,EQ,1485.9,1485,1508.65,1470.65,1495,1499.4,1488.5,570522,849222446,19927,262514,46.01,0.00969696969697,0.02583891476558,0.015054084810346,0.009384062285192,-1
2017-07-17,BAJFINANCE,EQ,1499.4,1504.95,1549.7,1488.05,1538.55,1538.5,1525.27,947006,1444438289.15,29590,327928,34.63,0.02229309943852,0.041430059473808,0.017237241611186,0.010605504970218,-1
2017-07-18,BAJFINANCE,EQ,1538.5,1537.95,1545.15,1507,1514.95,1512.35,1524.5,501708,764854066.65,24617,215197,42.89,-0.016645534640268,0.025315195753152,0.012931824331555,0.01849147499681,-1
2017-07-19,BAJFINANCE,EQ,1512.35,1519.65,1577.4,1515,1544,1541.85,1548.11,2655273,4110642034.5,92367,653995,24.63,0.014608626986477,0.041188118811881,0.013380388295095,0.018649343041831,-1
2017-07-20,BAJFINANCE,EQ,1541.85,1551,1608,1547.1,1587.25,1595.35,1587.31,2169635,3443890632.2,71082,733445,33.8,0.0285944551902,0.039363971301144,0.014474013664322,0.019927698081673,-1
2017-07-21,BAJFINANCE,EQ,1595.35,1598.9,1631.5,1585,1623,1621.35,1613.88,1380541,2228031116.45,54293,459973,33.32,0.014040903120896,0.029337539432177,0.015916405950033,0.019699857904575,-1
2017-07-24,BAJFINANCE,EQ,1621.35,1633,1637.3,1587.95,1602,1597.4,1609.17,835475,1344419753.1,38922,320470,38.36,-0.021800367421923,0.031077804716773,0.007746658265595,0.022677799095701,-1
2017-07-25,BAJFINANCE,EQ,1597.4,1606.9,1632.9,1600,1632.7,1627.5,1621.22,813854,1319436779.65,35029,289558,35.58,0.012819714979152,0.0205625,0.014914697294243,0.018104595374934,-1
2017-07-26,BAJFINANCE,EQ,1627.5,1636,1695.75,1630,1691.15,1687.15,1665.45,1475906,2458050593.65,49277,490085,33.21,0.031265281173594,0.040337423312884,0.018343745087484,0.020638029956913,-1
2017-07-27,BAJFINANCE,EQ,1687.15,1704,1739.8,1671.1,1673.9,1679.35,1709.8,1955562,3343620960.35,62265,565168,28.9,-0.014465962441315,0.041110645682485,0.010479393589536,0.02033760182213,-1
2017-07-28,BAJFINANCE,EQ,1679.35,1672,1710.9,1662.55,1702.2,1701.35,1694.75,926268,1569796006.05,38831,231827,25.03,0.017553827751196,0.02908183212535,0.00983998207984,0.020158424785114,-1
2017-07-31,BAJFINANCE,EQ,1701.35,1718,1724,1697.6,1705.65,1703.1,1708.39,576928,985615846.05,23982,229995,39.87,-0.008672875436554,0.01555136663525,0.013000029251006,0.016181991730576,-1
2017-08-01,BAJFINANCE,EQ,1703.1,1709.9,1727.9,1706.05,1718,1716.25,1718.82,692591,1190439654.5,31158,307909,44.46,0.003713667465934,0.012807362035111,0.010775648088255,0.015940610442476,-1
2017-08-02,BAJFINANCE,EQ,1716.25,1724.95,1726.2,1691.1,1705,1707.2,1708.87,396171,677006159.4,16443,94058,23.74,-0.010290153337778,0.02075572112826,0.002390762042583,0.007951322565431,-1
2017-08-03,BAJFINANCE,EQ,1707.2,1714,1729,1698.05,1708,1701.75,1713.46,775709,1329143630,38229,345257,44.51,-0.007147024504084,0.018226789552722,0.002676925911039,0.007656052284143,-1
2017-08-04,BAJFINANCE,EQ,1701.75,1704.9,1730,1701.05,1729.55,1723.45,1714.61,710636,1218461438.15,30960,328620,46.24,0.01088040354273,0.01701890009112,0.002607180429115,0.007538036843478,-1
2017-08-07,BAJFINANCE,EQ,1723.45,1735.5,1805.95,1729.6,1800,1798.15,1781.41,1504033,2679297944.9,45419,563718,37.48,0.036099106885624,0.044143154486587,0.011070120236112,0.019532794612827,-1
2017-08-08,BAJFINANCE,EQ,1798.15,1813,1829.5,1772,1778,1779.8,1798.06,1761065,3166505882.2,52781,788011,44.75,-0.018312189740761,0.03244920993228,0.00748489081531,0.021813204853966,-1
2017-08-09,BAJFINANCE,EQ,1779.8,1769.9,1769.9,1682.55,1693,1697.7,1725.25,1899560,3277223611.15,55363,1150309,60.56,-0.040793265156224,0.051915247689519,-0.000686239978619,0.032715001584968,-1
2017-08-10,BAJFINANCE,EQ,1697.7,1680,1689.9,1610.05,1650,1635.6,1655.57,1835002,3037977637.15,53350,1046613,57.04,-0.026428571428572,0.049594733082824,-0.007363547799405,0.036538184052184,-1
2017-08-11,BAJFINANCE,EQ,1635.6,1590,1732.6,1590,1704.9,1695.4,1678.57,3505576,5884367717.05,71055,1489630,42.49,0.066289308176101,0.089685534591195,-0.002601562354574,0.041083954001165,-1
2017-08-14,BAJFINANCE,EQ,1695.4,1721.3,1742.35,1705,1717,1710.9,1718.56,1311855,2254500538.2,49700,678202,51.7,-0.006041945041538,0.021906158357771,-0.009441744093871,0.033706880444718,-1
2017-08-16,BAJFINANCE,EQ,1710.9,1730,1730,1683.2,1725,1721.35,1704.39,705754,1202879178.4,27125,233605,33.1,-0.005,0.027804182509506,-0.006179178238585,0.034396956045439,-1
2017-08-17,BAJFINANCE,EQ,1721.35,1730,1762.5,1720.5,1722,1728.75,1740.6,729269,1269367431.3,21925,165060,22.63,-0.000722543352601,0.024411508282476,0.003906367745187,0.026162147228527,-1
2017-08-18,BAJFINANCE,EQ,1728.75,1710,1722.9,1688.5,1701,1704.95,1705.49,932335,1590085129.45,52990,463361,49.7,-0.002953216374269,0.02037311222979,0.008468713355818,0.01807659995973,-1
2017-08-21,BAJFINANCE,EQ,1704.95,1704.95,1731,1678.55,1685.2,1690.6,1712.76,1090057,1867000636.5,38619,706412,64.81,-0.008416669110531,0.031247207411159,-0.000526921762449,0.009979450435559,-1
2017-08-22,BAJFINANCE,EQ,1690.6,1708,1713.6,1662.55,1683,1682.9,1690.26,654334,1105993187.3,26671,181249,27.7,-0.014695550351288,0.03070584343328,-0.003266318018295,0.008419663382328,-1
2017-08-23,BAJFINANCE,EQ,1682.9,1695.9,1784.7,1695.9,1779,1779.3,1750.64,1825088,3195076772.9,63224,560673,30.72,0.049177427914382,0.052361577923227,0.006968517218499,0.028887866725389,-1
2017-08-24,BAJFINANCE,EQ,1779.3,1791.4,1797.7,1752.8,1761.9,1760.1,1772.56,1324532,2347815321.65,38863,509761,38.49,-0.017472367980351,0.025616157005934,0.003950574855335,0.030003170063922,-1
2017-08-28,BAJFINANCE,EQ,1760.1,1773.5,1837.4,1767,1831,1829.95,1813.4,1347345,2443272982.2,51479,438245,32.53,0.031829715252326,0.039841539332202,0.014641058449186,0.031592628639021,-1
2017-08-29,BAJFINANCE,EQ,1829.95,1835,1835,1762,1770,1773.4,1793,1482257,2657680345.45,49517,513073,34.61,-0.033569482288828,0.041430192962543,0.010143895536409,0.036857189919059,-1
2017-08-30,BAJFINANCE,EQ,1773.4,1798,1819.4,1777.05,1788,1788.05,1801.47,1064601,1917843415.45,32167,301971,28.36,-0.005533926585095,0.023831631073971,0.012707008263252,0.036015489114644,-1
2017-08-31,BAJFINANCE,EQ,1788.05,1797.4,1805.7,1770,1790,1781.9,1787.47,1116765,1996186848.4,32145,568768,50.93,-0.008623567375097,0.020169491525424,0.000562693514197,0.026099872245633,-1
2017-09-01,BAJFINANCE,EQ,1781.9,1790,1807,1790,1799.95,1799.95,1799.21,489396,880526551.2,19357,144505,29.53,0.005558659217877,0.009497206703911,0.004746772977363,0.025494637720383,-1
2017-09-04,BAJFINANCE,EQ,1799.95,1797.95,1820,1775.55,1801,1801.35,1798.73,658965,1185298372,25495,132434,20.1,0.001891042576267,0.025034496353243,-0.003034716177279,0.016524256835266,-1
2017-09-05,BAJFINANCE,EQ,1801.35,1809.85,1815.3,1784.55,1793,1794.4,1798.68,741229,1333236271.8,30165,269209,36.32,-0.008536619056828,0.017231234765067,0.002374137067999,0.006519038996565,-1
2017-09-06,BAJFINANCE,EQ,1794.4,1782,1883,1777.7,1859.7,1858.95,1845.35,2742892,5061604598.8,66627,683408,24.92,0.043181818181818,0.059233841480565,0.007916548980584,0.016663061486617,-1
2017-09-07,BAJFINANCE,EQ,1858.95,1880,1985.9,1871.15,1963,1963.2,1927.47,4271734,8233649353.8,88541,1597886,37.41,0.044255319148936,0.061325922560992,0.019820458244448,0.025460153604458,-1
2017-09-08,BAJFINANCE,EQ,1963.2,1970,1974.95,1881,1888,1891.2,1912.28,2856329,5462110853.7,97619,874438,30.61,-0.04,0.049946836788942,0.010459567538379,0.036237240432425,-1
2017-09-11,BAJFINANCE,EQ,1891.2,1900,1935.45,1898.05,1921.3,1920.45,1921.36,1098804,2111197299.4,35104,258097,23.49,0.010763157894737,0.019704433497537,0.013397281773391,0.035849445581031,-1
2017-09-12,BAJFINANCE,EQ,1920.45,1935,1935,1886.6,1894,1894.4,1897.68,1473997,2797173472.2,36080,777639,52.76,-0.020981912144703,0.025654616770911,0.011456019433633,0.037252770001797,-1
2017-09-13,BAJFINANCE,EQ,1894.4,1895,1924.7,1895,1910.6,1907.15,1911.94,810810,1550220895.15,27216,282546,34.85,0.006411609498681,0.015672823218997,0.005607486629624,0.034645695868648,-1
2017-09-14,BAJFINANCE,EQ,1907.15,1913,1935.5,1901,1913.9,1909.9,1916.61,951870,1824360919,37832,322852,33.92,-0.001620491374804,0.01814834297738,-0.005320133974734,0.020457914739206,-1
2017-09-15,BAJFINANCE,EQ,1909.9,1895.6,1912.1,1881.4,1903.55,1902.75,1897.94,922149,1750185270.2,37374,318560,34.55,0.003771892804389,0.016317635803125,0.001266099050434,0.010915378456952,-1
2017-09-18,BAJFINANCE,EQ,1902.75,1916,1929.25,1906.6,1912.5,1911.65,1918.61,430947,826819504.3,16318,180792,41.95,-0.002270354906054,0.011879786006504,-0.000891686951926,0.008113126480866,1
2017-09-19,BAJFINANCE,EQ,1911.65,1924.1,1928.7,1904.05,1912,1911.8,1916.78,598020,1146272073.25,22194,253830,42.45,-0.006392599137259,0.012946088600615,0.001836912126724,0.004074472004132,1
2017-09-20,BAJFINANCE,EQ,1911.8,1918.8,1918.85,1900,1904.5,1904.9,1907.55,377551,720198208.9,20822,145930,38.65,-0.007244110902647,0.009921052631579,-0.000230993336113,0.003561530813847,1
2017-09-21,BAJFINANCE,EQ,1904.9,1908,1926,1871.55,1916.6,1919.5,1900.63,754880,1434748303.25,32860,244885,32.44,0.006027253668763,0.029093532099062,0.001013507096443,0.005062936969595,-1
2017-09-22,BAJFINANCE,EQ,1919.5,1910,1910,1847,1858,1863.15,1868.15,1772943,3312125707.2,72997,926222,52.24,-0.024528795811518,0.034109366540336,-0.004109083259963,0.014756707879193,-1
2017-09-25,BAJFINANCE,EQ,1863.15,1859.95,1859.95,1759,1799.7,1796,1802.04,1826884,3292126622.4,67330,838025,45.87,-0.03438264469475,0.057390562819784,-0.01225279400299,0.0192476824571,-1
2017-09-26,BAJFINANCE,EQ,1796,1796,1862.8,1780.95,1839,1840.1,1819.82,1044947,1901610945.55,35310,221426,21.19,0.024554565701559,0.045958617591735,-0.007357574111965,0.025321922221916,-1
2017-09-27,BAJFINANCE,EQ,1840.1,1859,1859,1795.25,1808.2,1806.75,1820.25,764148,1390939692.75,28133,178509,23.36,-0.02810650887574,0.035510374599638,-0.010260544284101,0.02561507599539,-1
2017-09-28,BAJFINANCE,EQ,1806.75,1817,1855,1791,1840.2,1842.85,1836.41,3925555,7208934248,62434,2845520,72.49,0.014226747385801,0.035734226689001,-0.007797307509697,0.028228594068912,-1
2017-09-29,BAJFINANCE,EQ,1842.85,1857.95,1875,1830.35,1836.1,1838.05,1857.6,1216964,2260636381.1,48509,384644,31.61,-0.010710729567534,0.024394241538504,-0.002446919104951,0.025526658383495,-1
2017-10-03,BAJFINANCE,EQ,1838.05,1860,1873.5,1831.7,1872.95,1867.8,1856.41,975293,1810539250.35,33905,535047,54.86,0.004193548387097,0.022820330840203,0.007998429831092,0.017885165980704,-1
2017-10-04,BAJFINANCE,EQ,1867.8,1879.95,1879.95,1852,1862,1862.65,1863.91,538069,1002910577.7,23734,169438,31.49,-0.009202372403521,0.015091792656588,0.002536065785972,0.015587724776311,-1
2017-10-05,BAJFINANCE,EQ,1862.65,1865,1885.5,1855.4,1867,1866.2,1872.35,398463,746062275.75,18446,88363,22.18,0.000643431635389,0.016222916891236,0.006542046140653,0.010784565931636,1
2017-10-06,BAJFINANCE,EQ,1866.2,1880,1934.55,1868.4,1926,1923.6,1906.7,1227615,2340687926.5,31737,293154,23.88,0.023191489361702,0.035404624277457,0.008697458385163,0.014558505515697,1
2017-10-09,BAJFINANCE,EQ,1923.6,1928,1954,1916,1940.5,1941.3,1938.19,999574,1937362470.7,35652,314837,31.5,0.006898340248963,0.019832985386221,0.011058690075391,0.013157121670509,1
2017-10-10,BAJFINANCE,EQ,1941.3,1944,1959.4,1943,1949.75,1950.8,1950.94,517117,1008863606.4,20493,158575,30.67,0.003497942386831,0.008440555841482,0.00880028936931,0.013025551773322,1
2017-10-11,BAJFINANCE,EQ,1950.8,1967,1967,1901.95,1922.85,1923.55,1933.33,726978,1405488998.55,28265,277413,38.16,-0.022089476359939,0.034201740319146,0.006558014623103,0.016111857471672,1
2017-10-12,BAJFINANCE,EQ,1923.55,1940,1957.75,1923,1953,1953.15,1939.04,1019350,1976564299.45,20123,604957,59.35,0.006778350515464,0.018070722828913,0.009254480168105,0.016266094406026,1
2017-10-13,BAJFINANCE,EQ,1953.15,1955.1,1973.7,1948.45,1953,1953.05,1955.5,849832,1661844702.95,26474,460159,54.15,-0.001048539716639,0.012959018707178,0.003092702414705,0.011098574755948,1
2017-10-16,BAJFINANCE,EQ,1953.05,1966,1967,1875.35,1882.45,1886.3,1920.54,2652753,5094715936.9,78653,1341251,50.56,-0.040539165818922,0.048870877436212,-0.005583059505607,0.019157934735165,1
2017-10-17,BAJFINANCE,EQ,1886.3,1880.25,1902,1856.4,1872,1867.1,1879.04,1782421,3349239352.7,55613,604632,33.92,-0.006993750831007,0.024563671622495,-0.008597516427733,0.018262185197953,1
2017-10-18,BAJFINANCE,EQ,1867.1,1870,1884,1848.65,1872.9,1868.5,1867.98,710046,1326354710.65,31751,262659,36.99,-0.000802139037433,0.019122062045276,-0.005653825590065,0.018365912862083,1
2017-10-19,BAJFINANCE,EQ,1868.5,1872.8,1872.8,1832,1839.25,1845.9,1854.36,169845,314953117.45,6851,74078,43.62,-0.014363519863306,0.022270742358079,-0.011150521205994,0.014114561451064,1
2017-10-23,BAJFINANCE,EQ,1845.9,1845,1856.9,1812.2,1836.4,1833.75,1832.25,1011137,1852659365.05,28835,468621,46.35,-0.00609756097561,0.024666151638892,-0.012456712346329,0.01309606550586,-1
2017-10-24,BAJFINANCE,EQ,1833.75,1848,1848,1816,1826,1826.05,1828.03,929872,1699829366.35,32263,527972,56.78,-0.011877705627706,0.017621145374449,-0.006461058998857,0.005066878315584,-1
2017-10-25,BAJFINANCE,EQ,1826.05,1820,1820,1713.55,1731.9,1726.35,1747.97,2865279,5008421484.2,78688,1674601,58.44,-0.051456043956044,0.06212249423711,-0.01534507247734,0.022424756452126,-1
2017-10-26,BAJFINANCE,EQ,1726.35,1739,1766,1700.1,1754.1,1746.75,1742.35,1641262,2859656614.9,54063,717540,43.72,0.004456584243818,0.038762425739663,-0.013131669864879,0.024827941578687,-1
2017-10-27,BAJFINANCE,EQ,1746.75,1760.05,1828.65,1752.45,1823.5,1819,1803.07,1656079,2986020937.15,40849,767329,46.33,0.03349336666572,0.043481982367543,-0.002440111066072,0.034866543097948,-1
2017-10-30,BAJFINANCE,EQ,1819,1832,1836.25,1797.8,1804.3,1804.3,1812.83,563901,1022259449.15,18534,196030,34.76,-0.015120087336245,0.021387251084659,-0.002739952734103,0.034917477660489,-1
2017-10-31,BAJFINANCE,EQ,1804.3,1787,1824.05,1774.55,1800.2,1800.6,1800.2,764883,1376943973.75,26964,251068,32.82,0.007610520425294,0.027894395762306,-0.002310274952695,0.034908251339898,-1
2017-11-01,BAJFINANCE,EQ,1800.6,1809.6,1819.7,1801,1804.15,1806.75,1809.47,468999,848640264.3,13867,176030,37.53,-0.001574933687003,0.010383120488618,0.009292575483121,0.019364376251642,-1
2017-11-02,BAJFINANCE,EQ,1806.75,1815,1821.9,1802,1810,1810.2,1810.78,458603,830428226.25,17854,214936,46.87,-0.002644628099174,0.011043285238624,0.007311108887826,0.019547525607795,-1
2017-11-03,BAJFINANCE,EQ,1810.2,1825,1845,1808.4,1833.65,1836.95,1827.91,769995,1407480452.55,27818,377379,49.01,0.006547945205479,0.020238885202389,0.001994077338301,0.008415977274418,-1
2017-11-06,BAJFINANCE,EQ,1836.95,1818,1844.9,1811.8,1816.15,1822,1831.05,583097,1067680073.1,19471,295547,50.69,0.002200220022002,0.018269124627442,0.001982651929095,0.00843309648151,-1
2017-11-07,BAJFINANCE,EQ,1822,1848,1848,1773.3,1798.85,1802.55,1797.15,769590,1383071433.6,23907,313648,40.76,-0.024594155844156,0.042124851970902,0.000257766816551,0.010167878088523,-1
2017-11-08,BAJFINANCE,EQ,1802.55,1794.55,1804.9,1771.55,1782.45,1775.7,1785,549567,980975086.45,38151,279238,50.81,-0.010504026078961,0.018825322457735,-0.003404451738264,0.011896803692798,-1
2017-11-09,BAJFINANCE,EQ,1775.7,1787.05,1793.4,1733,1753,1753,1757.93,866349,1522982760,37793,426981,49.29,-0.019053747796648,0.034852856318523,-0.00634309112984,0.01206948348092,-1
2017-11-10,BAJFINANCE,EQ,1753,1731.1,1769,1731.1,1741,1745,1751.56,805954,1411677148.75,26854,447049,55.47,0.008029576569811,0.021893593668766,-0.01021128671267,0.004030124678634,-1
2017-11-13,BAJFINANCE,EQ,1745,1759.95,1759.95,1718.5,1728,1728.75,1736.25,544530,945441622.5,36384,279343,51.3,-0.017727776357283,0.024119871981379,-0.010446052809549,0.003911639655663,-1
2017-11-14,BAJFINANCE,EQ,1728.75,1731,1769.9,1720.2,1752,1754.9,1744.76,633554,1105398440.5,29951,193953,30.61,0.013807047949162,0.028891989303569,-0.005285729041161,0.01206196358852,-1
2017-11-15,BAJFINANCE,EQ,1754.9,1762.1,1763.95,1707.05,1719,1713.8,1721.57,926465,1594969945.65,50982,458440,49.48,-0.027410476136428,0.033332356990129,-0.006990643697722,0.014176900554834,-1
2017-11-16,BAJFINANCE,EQ,1713.8,1725,1780.2,1716.5,1777.75,1764.25,1742.16,901089,1569844847.6,36679,472597,52.45,0.022753623188406,0.037110399067871,0.001453595948782,0.02086182464244,-1
2017-11-17,BAJFINANCE,EQ,1764.25,1790,1817,1778.1,1780,1787.35,1796.68,943939,1695955573,34004,392311,41.56,-0.001480446927374,0.021877284742141,0.004984993489838,0.021081905668123,-1
2017-11-20,BAJFINANCE,EQ,1787.35,1786.8,1807.5,1770.05,1805,1805.25,1795.2,602115,1080918085.2,28187,307818,51.12,0.010325721961048,0.021157594418237,0.008850422957019,0.019518998960115,-1
2017-11-21,BAJFINANCE,EQ,1805.25,1819,1822.75,1791.25,1807.8,1809.75,1809.44,495585,896730711.75,31788,244765,49.39,-0.005085211654755,0.017585484996511,0.006323661561824,0.019320153532565,-1
2017-11-22,BAJFINANCE,EQ,1809.75,1816.7,1816.7,1768.55,1773.8,1773.95,1777.15,738204,1311896228.45,38573,457817,62.02,-0.023531678317829,0.027225693364621,0.007051341579925,0.017938952094239,-1
2017-11-23,BAJFINANCE,EQ,1773.95,1777,1782.45,1747,1762.6,1763.65,1764.01,587412,1036202226.5,21004,280029,47.67,-0.007512661789533,0.020291929021179,2.5898040890926E-06,0.013256854713798,-1
2017-11-24,BAJFINANCE,EQ,1763.65,1773,1798.3,1764,1785.1,1790,1787.18,572947,1023960777.4,25011,199726,34.86,0.009588268471517,0.019444444444445,0.000372034538529,0.01373016587664,-1
2017-11-27,BAJFINANCE,EQ,1790,1780,1784.3,1765,1772,1773.25,1773.47,573099,1016371803.05,20175,269114,46.96,-0.003792134831461,0.010934844192635,-0.003502439125159,0.013045049938189,-1
2017-11-28,BAJFINANCE,EQ,1773.25,1772,1783.95,1762.5,1764.4,1766.4,1772.84,552962,980314318.35,24523,272475,49.28,-0.003160270880361,0.012170212765958,-0.004773577729954,0.012617470777662,-1
2017-11-29,BAJFINANCE,EQ,1766.4,1765,1777.95,1751,1755.4,1756.3,1760.9,687118,1209947268,21895,400782,58.33,-0.004929178470255,0.0153912050257,-0.001960799008715,0.009655185457027,-1
2017-11-30,BAJFINANCE,EQ,1756.3,1754.85,1759.4,1722.35,1734.75,1727.05,1732.98,1304556,2260771041.7,30256,945414,72.47,-0.015841809841297,0.021511307225593,-0.004130414716793,0.011731012471271,-1
2017-12-01,BAJFINANCE,EQ,1727.05,1737,1741.8,1705.3,1708,1711.6,1727.03,601822,1039361927.45,21368,302933,50.34,-0.014622913068509,0.021403858558611,-0.008907714020886,0.004894860597013,-1
2017-12-04,BAJFINANCE,EQ,1711.6,1724,1724,1670.15,1675.8,1675.95,1682.06,802041,1349080081.55,40300,392675,48.96,-0.027871229698376,0.032242612938958,-0.011201898559904,0.007270216239565,-1
2017-12-05,BAJFINANCE,EQ,1675.95,1675.95,1719,1661.05,1710,1707.4,1685.62,1109920,1870905925.75,44648,508540,45.82,0.018765476297026,0.034887571114657,-0.006676210603473,0.015436956525407,-1
2017-12-06,BAJFINANCE,EQ,1707.4,1699.95,1714.9,1662.5,1674.95,1671.45,1682.6,933213,1570221450.8,48497,416557,44.64,-0.016765198976441,0.031518796992481,-0.009743722938951,0.016673280556617,-1
2017-12-07,BAJFINANCE,EQ,1671.45,1685,1690.15,1661,1672,1676.3,1678.22,986167,1655007023.45,33701,545539,55.32,-0.005163204747775,0.017549668874172,-0.005832522473627,0.016938530184372,-1
2017-12-08,BAJFINANCE,EQ,1676.3,1685,1708.2,1683.3,1706,1702.25,1698.19,767714,1303727658.15,34736,363165,47.3,0.010237388724036,0.014792372126181,-0.000947239879503,0.019189047128191,-1
2017-12-11,BAJFINANCE,EQ,1702.25,1710,1720,1690.2,1708.95,1707.8,1706.63,616189,1051605380.4,32044,244995,39.76,-0.001286549707602,0.017631049579931,0.003870531171287,0.015646601770395,-1
2017-12-12,BAJFINANCE,EQ,1707.8,1705,1716,1690.1,1696.9,1699.25,1701.26,1051828,1789435910.35,26068,287433,27.33,-0.003372434017595,0.015324537009645,-0.000883852295168,0.013446049813715,-1
2017-12-13,BAJFINANCE,EQ,1699.25,1694.75,1700.75,1661,1670,1671.8,1682.1,932378,1568349862.5,56437,437203,46.89,-0.013541820327482,0.023931366646599,9.63917468593811E-05,0.011669105983405,-1
2017-12-14,BAJFINANCE,EQ,1671.8,1675,1698.9,1627.05,1692.5,1685.85,1656.79,1257072,2082704543,62443,509538,40.53,0.006477611940298,0.04415967548631,0.001196880371663,0.012245054454385,-1
2017-12-15,BAJFINANCE,EQ,1685.85,1700,1739.7,1692,1725,1729.6,1715.37,1507279,2585543229.2,46769,891481,59.15,0.017411764705882,0.028191489361702,0.003291035961942,0.015705069873135,-1
2017-12-18,BAJFINANCE,EQ,1729.6,1726,1773,1653.2,1754.9,1756.85,1746.21,1630170,2846622433.35,47529,704794,43.23,0.01787369640788,0.072465521413017,0.005789975406376,0.016663770868764,-1
2017-12-19,BAJFINANCE,EQ,1756.85,1766,1770.85,1739.05,1760.05,1757.75,1752.46,707467,1239809731.1,36199,287209,40.6,-0.004671574178935,0.018285845720365,0.006893719713833,0.015936791053312,-1
2017-12-20,BAJFINANCE,EQ,1757.75,1765,1785,1750,1770,1770.4,1770.77,957893,1696209301.45,39132,499255,52.12,0.003059490084986,0.02,0.011563896913288,0.009692243233628,-1
2017-12-21,BAJFINANCE,EQ,1770.4,1774.95,1774.95,1743.35,1755.5,1748.05,1754.27,896398,1572523190.55,32656,522823,58.32,-0.015155356488915,0.018126021739754,0.007358220707794,0.014683347242036,-1
2017-12-22,BAJFINANCE,EQ,1748.05,1756,1788.4,1750,1776.05,1782.45,1773.75,662716,1175495326.7,28292,228279,34.45,0.015062642369021,0.021942857142857,0.006103774794574,0.012851413404001,1
2017-12-26,BAJFINANCE,EQ,1782.45,1784.7,1795,1774.2,1788,1789.5,1787.1,494224,883226060.6,18280,200663,40.6,0.002689527651706,0.011723593732386,0.003743803250403,0.011664651486603,1
2017-12-27,BAJFINANCE,EQ,1789.5,1797.2,1797.6,1762,1768.9,1770.95,1783.43,450413,803278246,15715,151100,33.55,-0.014606053861563,0.020204313280363,0.001568142344184,0.013315717798005,-1
2017-12-28,BAJFINANCE,EQ,1770.95,1780,1782,1745.5,1749,1755.15,1764.13,886376,1563684259.9,26893,522092,58.9,-0.013960674157303,0.020910913778287,-0.001655550752099,0.013561248747522,-1
2017-12-29,BAJFINANCE,EQ,1755.15,1749.25,1765.9,1748.15,1760,1756.7,1757.61,447507,786541698.25,33248,233063,52.08,0.004258968129198,0.010153590938993,0.001045925469082,0.01209619898648,-1
2018-01-01,BAJFINANCE,EQ,1756.7,1759.5,1760,1720.4,1733.85,1725.65,1735.49,535319,929040050.6,15343,287325,53.67,-0.019238420005683,0.023017902813299,-0.006424926009696,0.008796162945176,-1
2018-01-02,BAJFINANCE,EQ,1725.65,1739.7,1739.7,1710,1722,1724.65,1724.04,576208,993408074.85,18519,233227,40.48,-0.00865091682474,0.017368421052632,-0.007331870398983,0.007612467549201,1
2018-01-03,BAJFINANCE,EQ,1724.65,1727,1738.35,1711,1714.55,1715.3,1721.42,416136,716343469.05,23599,233552,56.12,-0.006774753908512,0.015984804208065,-0.006342943562615,0.007438961873136,1
2018-01-04,BAJFINANCE,EQ,1715.3,1725,1758.25,1714,1753.3,1754,1739.42,730147,1270035643.95,38646,377452,51.7,0.016811594202899,0.025816802800467,-4.62603271266016E-05,0.014593978069095,1
2018-01-05,BAJFINANCE,EQ,1754,1766,1821,1759.1,1818,1814.5,1788.55,984327,1760513191.9,34458,422411,42.91,0.027463193657984,0.035188448638508,0.006675634266113,0.021319508548205,1
2018-01-08,BAJFINANCE,EQ,1814.5,1820,1843,1820,1833.1,1836.85,1833.42,825022,1512610920.9,53313,398084,48.25,0.009258241758242,0.012637362637363,0.012674160116276,0.016409157141062,1
2018-01-09,BAJFINANCE,EQ,1836.85,1843,1843,1810,1810,1819.5,1826.33,512721,936395931.85,20923,202823,39.56,-0.012750949538796,0.018232044198895,0.010900954844923,0.018540100762807,1
2018-01-10,BAJFINANCE,EQ,1819.5,1820,1820.95,1794,1800,1802.2,1803.52,406791,733656315.75,25341,164009,40.32,-0.00978021978022,0.015022296544036,0.010083611489826,0.019504563236072,1
2018-01-11,BAJFINANCE,EQ,1802.2,1798,1798,1773.05,1780.9,1780.35,1784.12,818471,1460250798.95,34719,567851,69.38,-0.009816462736374,0.014071797185641,0.003146467169117,0.020115738638099,1
2018-01-12,BAJFINANCE,EQ,1780.35,1783,1790.9,1751.15,1764.2,1770.1,1775.26,606316,1076365892,30809,283428,46.75,-0.007234997195738,0.022699368986095,-0.004903509487556,0.009890131544705,1
2018-01-15,BAJFINANCE,EQ,1770.1,1771,1794.9,1733,1737,1738.15,1758.11,847037,1489187324.75,33803,470863,55.59,-0.018548842461886,0.035718407386036,-0.010976963590569,0.004557660257991,-1
2018-01-16,BAJFINANCE,EQ,1738.15,1745.8,1745.8,1684.6,1692,1687.35,1702.13,1076581,1832481398.2,50248,573521,53.27,-0.033480352846833,0.03632909889588,-0.014933155247292,0.009158755367934,1
2018-01-17,BAJFINANCE,EQ,1687.35,1695.1,1709.85,1665.7,1701.2,1701.2,1688.89,1199501,2025820718.5,57848,719106,59.95,0.003598607751755,0.026505373116408,-0.011389906518834,0.013953909819491,1
2018-01-18,BAJFINANCE,EQ,1701.2,1712,1717.25,1654,1655.05,1660.7,1678.87,961692,1614557545.25,53475,545469,56.72,-0.029964953271028,0.038240628778718,-0.013726437335743,0.015043170308436,1
2018-01-19,BAJFINANCE,EQ,1660.7,1660.9,1711.25,1632.6,1706,1701.9,1676.09,974597,1633515523.35,40611,396529,40.69,0.024685411523873,0.048174690677447,-0.007613215241018,0.023128926448249,1
2018-01-22,BAJFINANCE,EQ,1701.9,1714,1726,1678,1709.5,1706.35,1703.41,924498,1574800274.95,35237,413117,44.69,-0.004463243873979,0.028605482717521,-0.003480304758461,0.02263886086834,1
2018-01-23,BAJFINANCE,EQ,1706.35,1710,1718,1692.4,1711,1708.7,1704.03,1245493,2122354346.8,63364,744737,59.79,-0.000760233918129,0.01512644764831,0.002640432259109,0.017489175642107,1
2018-01-24,BAJFINANCE,EQ,1708.7,1715,1746.85,1697.05,1739.75,1739.15,1732.5,1441313,2497070069.05,52165,685781,47.58,0.014081632653061,0.029345039922218,0.004562917923606,0.018737945505228,1
2018-01-25,BAJFINANCE,EQ,1739.15,1741,1741.9,1703.4,1714,1710.3,1715.96,880891,1511573762.35,35833,446697,50.71,-0.017633543940264,0.022601855113303,0.006006550180862,0.016097908072439,1
2018-01-29,BAJFINANCE,EQ,1710.3,1711,1735.25,1710,1719.65,1715.3,1719.91,643137,1106134895.25,28619,341533,53.1,0.002513150204559,0.014766081871345,0.001629479812884,0.012214306068639,1
2018-01-30,BAJFINANCE,EQ,1715.3,1715,1718.95,1671,1677,1678.4,1695.08,680104,1152829763.05,35443,369979,54.4,-0.02134110787172,0.02869539198085,-0.00319591951216,0.015928784187797,1
2018-01-31,BAJFINANCE,EQ,1678.4,1657.45,1690,1645,1677,1677.85,1664.18,1332225,2217057498.55,58047,762284,57.22,0.012308063591662,0.027355623100304,-0.003536899852711,0.015824321048921,1
2018-02-01,BAJFINANCE,EQ,1677.85,1681.8,1760,1644.75,1742.9,1729.45,1703.43,1939812,3304341336.5,57513,897589,46.27,0.028332738732311,0.070071439428485,-0.000950284310105,0.02054193065523,-1
2018-02-02,BAJFINANCE,EQ,1729.45,1708.05,1713,1620.2,1632.9,1628.9,1653.97,1645045,2720851309.65,63311,732562,44.53,-0.046339392874916,0.057276879397605,-0.009260545845828,0.033047974545735,-1
2018-02-05,BAJFINANCE,EQ,1628.9,1600,1627.95,1546.5,1615,1604.95,1589.91,1472164,2340612551.9,53212,620791,42.17,0.00309375,0.05266731328807,-0.012785873374001,0.032356247181446,1
2018-02-06,BAJFINANCE,EQ,1604.95,1530,1683.75,1511.2,1666,1662.15,1607.5,2109416,3390882510.05,64905,881144,41.77,0.086372549019608,0.114180783483324,-0.001355471081693,0.038089783407542,1
2018-02-07,BAJFINANCE,EQ,1662.15,1680,1687,1620.6,1631,1641.65,1653.38,1466983,2425480979.3,40074,342529,23.35,-0.022827380952381,0.040972479328644,-0.003756617189074,0.038386058668144,1
2018-02-08,BAJFINANCE,EQ,1641.65,1654,1679,1638.05,1655,1662.15,1661.81,750746,1247597462.1,27106,255959,34.09,0.004927448609432,0.024999236897531,-0.007409858515959,0.03500049412112,-1
2018-02-09,BAJFINANCE,EQ,1662.15,1629.05,1655,1617.3,1638.55,1639.4,1641.4,703720,1155083376.2,33226,238294,33.86,0.006353396151131,0.023310455697768,0.001480697291621,0.022196834966196,-1
2018-02-12,BAJFINANCE,EQ,1639.4,1645,1656,1635.3,1642,1643.8,1647.68,472115,777896104.85,24997,150273,31.83,-0.000729483282675,0.012658227848101,0.004958113825252,0.020309270246015,1
2018-02-14,BAJFINANCE,EQ,1643.8,1654,1696.95,1651.55,1664,1669.95,1679.72,1066036,1790646250.55,52988,356774,33.47,0.009643288996372,0.027489328206836,0.001011818183234,0.013698021376133,1
2018-02-15,BAJFINANCE,EQ,1669.95,1678.8,1711.85,1601.8,1679,1677.05,1683.78,1177116,1982003882.55,40409,254043,21.58,-0.001042411246128,0.068703958047197,0.004328827758839,0.011488377407981,-1
2018-02-16,BAJFINANCE,EQ,1677.05,1690,1703.95,1671.55,1672.5,1675.25,1686.57,947685,1598333401.3,31802,439846,46.41,-0.008727810650888,0.019383207202896,0.001616677823024,0.010650970704286,-1
2018-02-19,BAJFINANCE,EQ,1675.25,1675,1675,1623.55,1645.05,1642.7,1643.11,695310,1142473890.8,31155,251458,36.16,-0.019283582089552,0.031689815527702,0.000468109060804,0.012805577219097,1
2018-02-20,BAJFINANCE,EQ,1642.7,1654.85,1657.7,1626,1626,1638.75,1642.29,583955,959021259.4,24082,210628,36.07,-0.009728978457262,0.01949569495695,-0.000549588254453,0.0127876430026,-1
2018-02-21,BAJFINANCE,EQ,1638.75,1658,1658,1587.3,1600,1596.45,1602.99,1689744,2708650436.5,65333,934539,55.31,-0.037123039806996,0.044541044541045,-0.008893711919467,0.012974204462634,-1
2018-02-22,BAJFINANCE,EQ,1596.45,1588,1617.5,1576.45,1601,1600.35,1598.81,1050625,1679752970.05,39414,469633,44.7,0.007777078085642,0.026039519172825,-0.009255452733641,0.012533804368777,-1
2018-02-23,BAJFINANCE,EQ,1600.35,1606.8,1638,1602.35,1630,1633.4,1623.54,711474,1155106936.25,26095,354665,49.85,0.016554642768235,0.022248572409274,-0.004910443595255,0.018449131442882,1
2018-02-26,BAJFINANCE,EQ,1633.4,1640,1679.8,1636.5,1674,1674.95,1657.34,1036659,1718092507.7,45237,622443,60.04,0.021310975609756,0.026458906202261,0.004063091017883,0.020427044644731,1
2018-02-27,BAJFINANCE,EQ,1674.95,1676,1679.95,1651,1652.15,1656.8,1660.67,605244,1005108216.5,31038,298400,49.3,-0.01145584725537,0.017534827377347,0.002376777711216,0.021418419779686,-1
2018-02-28,BAJFINANCE,EQ,1656.8,1644,1659.6,1629,1632.5,1640.25,1645.57,1756349,2890186919.75,84795,1188877,67.69,-0.00228102189781,0.01878453038674,0.005541421970448,0.016905682894158,-1
2018-03-01,BAJFINANCE,EQ,1640.25,1635,1666,1628,1658.45,1659.35,1652.22,1238390,2046088200.45,59500,688149,55.57,0.014892966360856,0.023341523341523,0.007381751200012,0.016984714132959,-1
2018-03-05,BAJFINANCE,EQ,1659.35,1660,1660,1621,1631.95,1636.95,1633.83,743779,1215209321.05,50523,379212,50.98,-0.013885542168675,0.024059222702036,0.000551552361481,0.017179844848729,-1
2018-03-06,BAJFINANCE,EQ,1636.95,1655,1671.85,1627.6,1628.75,1637.75,1652.31,944176,1560069889.25,36068,402338,42.61,-0.010422960725076,0.02718726959941,-0.004438252332271,0.010449632443489,1
2018-03-07,BAJFINANCE,EQ,1637.75,1641,1648.65,1606,1624.25,1618.35,1627.87,644577,1049287800.9,25333,257592,39.96,-0.013802559414991,0.026556662515567,-0.004640127413362,0.010612611524827,-1
2018-03-08,BAJFINANCE,EQ,1618.35,1634.95,1637.9,1594.2,1628,1628.05,1617.85,663196,1072948750.6,29042,246663,37.19,-0.004220312547784,0.027411868021578,-0.001443548461593,0.010998717663005,-1
2018-03-09,BAJFINANCE,EQ,1628.05,1635,1667.2,1616.45,1657.9,1654.2,1654.53,839718,1389336713.5,29095,369681,44.02,0.011743119266055,0.031395960283337,-0.000560029686395,0.012400959855628,1
2018-03-12,BAJFINANCE,EQ,1654.2,1663,1681.9,1655.05,1664.5,1665.25,1665.45,486187,809721851.55,19018,217543,44.74,0.001352976548407,0.016223074831576,0.003475815894785,0.010230943097051,1
2018-03-13,BAJFINANCE,EQ,1665.25,1665.5,1698.85,1663.6,1681,1680.7,1685.13,820802,1383160628.55,29990,278452,33.92,0.00912638847193,0.021188987737437,0.005233650382148,0.010343840158944,1
2018-03-14,BAJFINANCE,EQ,1680.7,1672,1720.9,1668.25,1719,1710.1,1686.47,848659,1431239979.95,30033,466358,54.95,0.022787081339713,0.031560017982916,0.011101296609796,0.005348370755764,1
2018-03-15,BAJFINANCE,EQ,1710.1,1715.1,1739.9,1714,1722.5,1726.25,1729.03,739187,1278074180.95,33108,280288,37.92,0.006501078654306,0.015110851808635,0.011791323228685,0.00470902445057,1
2018-03-16,BAJFINANCE,EQ,1726.25,1712,1724.65,1681.05,1692,1687.9,1698.56,1017699,1728627616.15,48330,649239,63.79,-0.014077102803738,0.025936170845603,0.00413573404556,0.015279911834274,1
2018-03-19,BAJFINANCE,EQ,1687.9,1698.9,1698.9,1627,1628,1631.85,1649.23,848984,1400168481.65,33762,431459,50.82,-0.03946671375596,0.044191763982791,-0.003841647891658,0.022381421771271,1
2018-03-20,BAJFINANCE,EQ,1631.85,1627,1663.1,1615.2,1661.9,1657.3,1641.54,1318758,2164797488.85,36197,658564,49.94,0.018623232944069,0.029655770183259,-0.002578065895863,0.023459651649011,1
2018-03-21,BAJFINANCE,EQ,1657.3,1674.5,1712,1665.5,1699.6,1704.55,1691.58,1131098,1913340093.4,41765,556969,49.24,0.017945655419528,0.027919543680576,-0.00037456267423,0.026176276351845,1
2018-03-22,BAJFINANCE,EQ,1704.55,1708,1720,1690.15,1691.2,1695.6,1706.55,1153716,1968873843.2,49676,603194,52.28,-0.007259953161593,0.017661154335414,-0.003313471641225,0.025617269775873,1
2018-03-23,BAJFINANCE,EQ,1695.6,1655,1695,1655,1686.15,1685.3,1682.47,1088426,1831240514.7,68840,630768,57.95,0.018308157099698,0.02416918429003,-8.52236854045119E-05,0.023575390634982,1
2018-03-26,BAJFINANCE,EQ,1685.3,1698.9,1748,1686,1744.45,1741.6,1722.91,1288984,2220806503.2,48148,536370,41.61,0.025133910177173,0.036773428232503,0.013237468054559,0.018441623052349,1
2018-03-27,BAJFINANCE,EQ,1741.6,1750,1798,1749.8,1775.8,1772.45,1779.09,1670239,2971503032.6,81069,778826,46.63,0.012828571428572,0.027546005257744,0.013661028156648,0.018533421455891,1
2018-03-28,BAJFINANCE,EQ,1772.45,1777,1793,1760.8,1772.8,1767.55,1779.05,986960,1755848217.8,39469,388723,39.39,-0.005317951603827,0.018287142208087,0.007406075667817,0.017518769175146,1
2018-04-02,BAJFINANCE,EQ,1767.55,1769,1825,1769,1824.7,1818.6,1801.28,633203,1140577884.4,31334,224041,35.38,0.028038439796495,0.031656302996043,0.014232563305269,0.017997484324157,1
2018-04-03,BAJFINANCE,EQ,1818.6,1820,1840,1801.6,1831.75,1834.25,1824.02,1049457,1914231754.25,41549,460658,43.89,0.00782967032967,0.021314387211368,0.017168576628008,0.014763314510763,1
2018-04-04,BAJFINANCE,EQ,1834.25,1840,1869.6,1836.7,1847,1850.2,1853.68,1793441,3324467952.4,54366,984526,54.9,0.00554347826087,0.017912560570589,0.01222640403069,0.011809067199467,1
2018-04-05,BAJFINANCE,EQ,1850.2,1866,1922.1,1866,1914,1915.6,1908.42,1385959,2644986246.45,45034,627993,45.31,0.026580921757771,0.030064308681672,0.015753190691502,0.0158121973043,1
2018-04-06,BAJFINANCE,EQ,1915.6,1919,1943.5,1908.85,1939,1937.6,1932.1,1612001,3114552244.35,39635,820004,50.87,0.009692548202189,0.018152290646201,0.018603028150298,0.012597705375334,1
2018-04-09,BAJFINANCE,EQ,1937.6,1942.6,1967.75,1930.25,1937.95,1944.25,1950.92,1131792,2208031475.1,42612,678381,59.94,0.000849377123443,0.019427535293356,0.013513087230802,0.012547669272409,1
2018-04-10,BAJFINANCE,EQ,1944.25,1950,1952.45,1913.65,1922,1926.05,1929.85,1013811,1956506070.65,30907,424099,41.83,-0.012282051282051,0.020275389961592,0.009919795866034,0.01631221962676,1
2018-04-11,BAJFINANCE,EQ,1926.05,1926,1955,1891.4,1918,1924.65,1920.01,1188976,2282845562.6,30665,643772,54.15,-0.000700934579439,0.033625885587396,0.008035290181387,0.017018007577139,1
2018-04-12,BAJFINANCE,EQ,1924.65,1923.75,1942.1,1911.05,1927.5,1929.35,1929.76,535354,1033103513.5,17619,173674,32.44,0.002910981156595,0.016247612569007,0.001454184670437,0.007536942398183,1
2018-04-13,BAJFINANCE,EQ,1929.35,1931,1948.85,1907.6,1918.8,1914.35,1923.62,592886,1140487365.25,25466,224479,37.86,-0.008622475401347,0.02162403019501,-0.002397673620647,0.005865126781108,1
2018-04-16,BAJFINANCE,EQ,1914.35,1913.95,1950,1897.55,1949,1943.3,1924.64,772723,1487216896.05,27211,424202,54.9,0.015334778860472,0.027640905377988,-5.95645098262043E-05,0.009788257698423,1
2018-04-17,BAJFINANCE,EQ,1943.3,1959.9,1959.9,1918,1935,1935.05,1935.99,696203,1347840634.4,40737,315697,45.35,-0.012679218327466,0.0218456725756,0.000963551541294,0.008789360877164,1
2018-04-18,BAJFINANCE,EQ,1935.05,1946,1950.55,1921.3,1927.15,1926.85,1934.24,462905,895368377.55,20106,164409,35.52,-0.009840698869476,0.015224067037943,0.000261403471347,0.009093143060355,1
2018-04-19,BAJFINANCE,EQ,1926.85,1935,1935.5,1908.15,1910.55,1913.3,1917.66,632589,1213089276.85,19337,373158,58.99,-0.011214470284238,0.014333254723161,-0.001633437580668,0.009503033339894,1
2018-04-20,BAJFINANCE,EQ,1913.3,1907.8,1907.8,1850.15,1881,1880.4,1868.16,1226196,2290734254.8,44935,677076,55.22,-0.014362092462522,0.031159635705213,-0.003517594059839,0.0117040733319,1
2018-04-23,BAJFINANCE,EQ,1880.4,1880,1919.75,1860.8,1899,1899.35,1892.15,762125,1442053158.15,48306,332162,43.58,0.010292553191489,0.03167992261393,-0.004526590744697,0.009749661649876,1
2018-04-24,BAJFINANCE,EQ,1899.35,1908,1933.25,1898.6,1926,1917.8,1916.44,784895,1504206019.5,28384,353709,45.06,0.005136268343815,0.018250289687138,-0.001734749682132,0.011661504739184,1
2018-04-25,BAJFINANCE,EQ,1917.8,1925.95,1938.95,1888.65,1900,1899.85,1914.96,677675,1297718402.4,21972,261181,38.54,-0.013551753680002,0.026632780028062,-0.002759162956335,0.012151038260041,1
2018-04-26,BAJFINANCE,EQ,1899.85,1909,1915,1876.6,1907,1892.1,1894.52,1098339,2080828329.95,35027,606882,55.25,-0.008852802514406,0.020462538633699,-0.002168576275922,0.011961717805748,1
2018-04-27,BAJFINANCE,EQ,1892.1,1912,1915.45,1892.5,1903,1901.15,1902.29,641591,1220492857.75,15951,337174,52.55,-0.005674686192469,0.012126816380449,0.0022271170874,0.008634800737437,1
2018-04-30,BAJFINANCE,EQ,1901.15,1924.9,1924.9,1894.8,1904.8,1907.7,1909.05,647210,1235557150.45,21509,432836,66.88,-0.008935529118396,0.015885581591725,0.000900645100089,0.007571239428769,1
2018-05-02,BAJFINANCE,EQ,1907.7,1909,1936.75,1900,1903.1,1905.1,1920.59,687083,1319606918.6,26841,333162,48.49,-0.002042954426401,0.019342105263158,-0.001314704340925,0.005749061989054,1
2018-05-03,BAJFINANCE,EQ,1905.1,1905.05,1906.75,1862.6,1879,1874.3,1881.92,471750,887794298,18379,243376,51.59,-0.01614130862707,0.023703425319446,-0.002676193813784,0.008348824226196,1
2018-05-04,BAJFINANCE,EQ,1874.3,1880,1893.25,1851.65,1866,1857.4,1869.59,562177,1051038742.55,18917,352862,62.77,-0.012021276595745,0.022466448842924,-0.003663679844151,0.008834155486101,1
2018-05-07,BAJFINANCE,EQ,1857.4,1865,1902,1856.05,1892,1895.45,1882.65,485519,914060624.9,20023,286493,59.01,0.016327077747989,0.024756876161741,-0.000523163889409,0.013916687576918,1
2018-05-08,BAJFINANCE,EQ,1895.45,1898.5,1898.5,1860,1875,1868.4,1873.63,669757,1254877126.25,35657,406051,60.63,-0.015854622070055,0.020698924731183,-0.00406642400033,0.014875972379028,1
2018-05-09,BAJFINANCE,EQ,1868.4,1875.1,1875.1,1845,1848,1849.1,1854.12,645553,1196932029.4,31073,449374,69.61,-0.013865927150552,0.016314363143631,-0.005859783225421,0.015008472818075,1
2018-05-10,BAJFINANCE,EQ,1849.1,1852,1861.45,1818,1836,1837.4,1836.31,588792,1081202661.85,20825,316490,53.75,-0.007883369330454,0.023899889988999,-0.003891837662577,0.013925069479293,1
2018-05-11,BAJFINANCE,EQ,1837.4,1845,1880.75,1828.1,1855,1861.5,1865.82,483249,901653615.25,16335,147881,30.6,0.008943089430894,0.02880039385154,0.000534774265795,0.015335174883985,1
2018-05-14,BAJFINANCE,EQ,1861.5,1863.1,1883.95,1842.95,1856.7,1864.5,1865.99,642971,1199775599.35,23366,387420,60.25,0.000751435779078,0.022246941045606,-0.00324003003856,0.010869081502163,1
2018-05-15,BAJFINANCE,EQ,1864.5,1865.25,1933.5,1854.5,1900,1901.95,1905.25,1570302,2991814700.3,59690,628260,40.01,0.019675646696153,0.042599083310866,0.003631336226964,0.01283434524125,1
2018-05-16,BAJFINANCE,EQ,1901.95,1892.5,1929,1872.9,1929,1919.95,1908.26,952836,1818256702.35,35756,439871,46.16,0.014504623513871,0.029953547973731,0.007590069235598,0.010242474133862,1
2018-05-17,BAJFINANCE,EQ,1919.95,1930,2087.8,1906.1,2067.95,2066.5,2003.37,5581203,11181210536.1,159158,1598192,28.64,0.070725388601036,0.095325533812497,0.024121572292298,0.029936089019313,1
2018-05-18,BAJFINANCE,EQ,2066.5,2069.9,2171.75,2065.65,2139,2149.65,2126.79,8316734,17687907758,225313,2036992,24.49,0.038528431325185,0.051363977440515,0.029545723456783,0.029900529566801,1
2018-05-21,BAJFINANCE,EQ,2149.65,2125,2149,2080.55,2114.9,2105.45,2105.9,2376823,5005357984.9,72060,900391,37.88,-0.0092,0.032899954338997,0.025111105396946,0.036084120283978,1
2018-05-22,BAJFINANCE,EQ,2105.45,2111,2177.9,2110,2146,2149.3,2155.28,1963373,4231625668.6,79406,306180,15.59,0.018143060161061,0.03218009478673,0.025259322941217,0.036059832056668,1
2018-05-23,BAJFINANCE,EQ,2149.3,2148,2148,2066.2,2079.85,2078.4,2099.34,1443827,3031085180.75,62774,438684,30.38,-0.032402234636872,0.039589584744943,0.016769031844282,0.044676666599337,1
2018-05-24,BAJFINANCE,EQ,2078.4,2095.5,2109.8,2068,2109,2094.75,2086.16,840932,1754316685.9,30038,178900,21.27,-0.000357909806729,0.020212765957447,0.003076334926715,0.029909441820957,1
2018-05-25,BAJFINANCE,EQ,2094.75,2107,2151.9,2103.5,2120,2116,2128.68,1342145,2857003476.8,48489,293628,21.88,0.004271476032273,0.023009270263846,-0.002942206524444,0.022727838975108,1
2018-05-28,BAJFINANCE,EQ,2116,2125,2138,2086.25,2096.2,2094.95,2105.35,806190,1697311143.85,27155,245425,30.44,-0.014141176470588,0.024805272618334,-0.000819512198287,0.021108835947444,1
2018-05-29,BAJFINANCE,EQ,2094.95,2105,2107,2065.05,2080,2077.1,2085.25,727259,1516519677.1,36634,219850,30.23,-0.013254156769596,0.020314278104646,-0.006688990470615,0.01732639437859,1
2018-05-30,BAJFINANCE,EQ,2077.1,2063.3,2130,2056.25,2130,2118.65,2100.07,1251508,2628260085.9,53403,298001,23.81,0.02682595841613,0.035866261398176,0.003909276693579,0.01284617132087,1
2018-05-31,BAJFINANCE,EQ,2118.65,2142.5,2145,2101,2111.35,2109.9,2121.83,1323397,2808022033.5,67410,493442,37.29,-0.015215869311552,0.020942408376963,0.001509953371269,0.013041106753917,1
2018-06-01,BAJFINANCE,EQ,2109.9,2120,2120,2065.8,2078,2077.4,2088.53,604574,1262671755.9,26591,200124,33.1,-0.020094339622642,0.026236808984413,-0.003599643082677,0.013795430037244,1
2018-06-04,BAJFINANCE,EQ,2077.4,2090.2,2098.75,2055.3,2057,2062.85,2073.84,513152,1064192801.25,23021,156624,30.52,-0.013084872261028,0.021140466112003,-0.003010829506452,0.013516744354309,1
2018-06-05,BAJFINANCE,EQ,2062.85,2065,2119.55,2055,2114.25,2100.6,2083.92,816879,1702311602.15,41227,281192,34.42,0.017239709443099,0.031411192214112,0.002353253415627,0.01589602528554,1
2018-06-06,BAJFINANCE,EQ,2100.6,2122,2172.9,2107,2168.25,2160.65,2142.7,1802977,3863242919.6,73745,466140,25.85,0.018213949104618,0.031276696725202,0.004069897183045,0.01852477859742,1
2018-06-07,BAJFINANCE,EQ,2160.65,2172,2197.2,2160.15,2167,2169.45,2181.8,1489413,3249606089.3,71154,347209,23.31,-0.001174033149171,0.017151586695368,0.005710464559928,0.01797202177196,1
2018-06-08,BAJFINANCE,EQ,2169.45,2164.9,2219.95,2147.05,2210,2186.85,2190.2,3039595,6657313397.35,77464,1252757,41.21,0.010139036445101,0.033953564192729,0.010395272489091,0.013617733270491,1
2018-06-11,BAJFINANCE,EQ,2186.85,2210,2258.5,2196.2,2250,2250.3,2236.24,2059581,4605716851.45,75808,833684,40.48,0.018235294117647,0.028367179673983,0.017598929075104,0.011470003965059,1
2018-06-12,BAJFINANCE,EQ,2250.3,2255,2277,2236,2263,2261.25,2258.87,1655167,3738810728.35,60888,745760,45.06,0.002771618625277,0.018336314847943,0.014912147675714,0.012765046271006,1
2018-06-13,BAJFINANCE,EQ,2261.25,2270,2271.6,2225.7,2233.2,2231.05,2242.65,1095372,2456532732.65,64896,517603,47.25,-0.01715859030837,0.020622725434695,0.006523644604097,0.015099701912376,1
2018-06-14,BAJFINANCE,EQ,2231.05,2235,2252,2197,2251.7,2243.25,2220.71,1321341,2934314587.5,41796,603530,45.68,0.003691275167785,0.025034137460173,0.00680273036813,0.015055912007149,1
2018-06-15,BAJFINANCE,EQ,2243.25,2250,2291.55,2231.1,2279,2283.6,2273.28,1637500,3722495104.15,77355,623307,38.06,0.014933333333333,0.027094258437542,0.008796096208582,0.015893914082062,1
2018-06-18,BAJFINANCE,EQ,2283.6,2272,2296,2234.2,2239.65,2243.15,2265.07,1126877,2552451098.55,112369,505813,44.89,-0.012698063380282,0.027660907707457,-0.000549422882139,0.014728723048061,1
2018-06-19,BAJFINANCE,EQ,2243.15,2235,2281,2227.05,2269.45,2270.6,2268.85,1151582,2612771040.5,64250,395469,34.34,0.01592841163311,0.024224871466739,0.000924824673997,0.015740443533296,1
2018-06-20,BAJFINANCE,EQ,2270.6,2274.95,2302.1,2261.15,2268.7,2267.8,2284.95,1127273,2575766141.55,46257,444405,39.42,-0.003142926218158,0.018110253632001,0.003349282826972,0.013805678495632,1
2018-06-21,BAJFINANCE,EQ,2267.8,2277,2288,2250.1,2257.2,2257.45,2267.69,717023,1625983125.2,43732,252604,35.23,-0.008585858585859,0.016843695835741,0.001342848468597,0.014145550352147,1
2018-06-22,BAJFINANCE,EQ,2257.45,2267,2342,2250.55,2342,2336.05,2305.72,1714224,3952516033.2,61570,476196,27.78,0.030458756065285,0.04063451156384,0.004708998807066,0.019920359194232,1
2018-06-25,BAJFINANCE,EQ,2336.05,2342,2399,2334,2385.05,2390.6,2379.12,2393535,5694509402.65,98474,867655,36.25,0.020751494449189,0.027849185946872,0.012921927509336,0.016543901361941,1
2018-06-26,BAJFINANCE,EQ,2390.6,2385,2419.15,2344.55,2367,2367.35,2376.65,2337942,5556479984.5,120935,921045,39.4,-0.007400419287212,0.03181847262801,0.00852935800002,0.01943431703541,1
2018-06-27,BAJFINANCE,EQ,2367.35,2379.8,2379.8,2322.55,2336,2335.5,2339.39,1069126,2501097610.15,48300,523302,48.95,-0.018615009664678,0.02464963079374,0.006085216463871,0.02161513872237,1
2018-06-28,BAJFINANCE,EQ,2335.5,2337,2348,2253.8,2290,2274.7,2295.23,1713003,3931739916.4,56405,601254,35.1,-0.02665810868635,0.04179607773538,0.001791401491422,0.025955957650907,1
2018-06-29,BAJFINANCE,EQ,2274.7,2282.1,2320,2270.6,2299,2296.35,2298.76,1378421,3168656345.7,59912,507894,36.85,0.006244248718286,0.021756363956664,-0.003268660170267,0.019594404862546,1
2018-07-02,BAJFINANCE,EQ,2296.35,2300,2314.7,2281.1,2302.9,2299.55,2298.32,840376,1931453787.25,37151,288240,34.3,-0.000195652173913,0.014729735653851,-0.007660233760119,0.013715341422422,1
2018-07-03,BAJFINANCE,EQ,2299.55,2305,2334,2285.75,2326.9,2321.1,2313.4,810667,1875395909.15,36557,228631,28.2,0.006984815618221,0.021109045171169,-0.00384083562941,0.01553475259461,1
2018-07-04,BAJFINANCE,EQ,2321.1,2333,2345,2306.55,2326.3,2331.4,2329.71,916379,2134896393.3,33159,254318,27.75,-0.000685812258894,0.016669918276213,-0.000262553014571,0.014810596155005,1
2018-07-05,BAJFINANCE,EQ,2331.4,2339,2349,2322.4,2329,2330.15,2335.77,688785,1608840631.75,26219,269751,39.16,-0.003783668234288,0.01145366861867,0.004836809156273,0.004565031795169,1
2018-07-06,BAJFINANCE,EQ,2330.15,2338.8,2355,2324,2345.7,2345.7,2343.93,690617,1618754748.9,26206,179892,26.05,0.002950230887635,0.013339070567986,0.004267939460714,0.003974981971085,1
2018-07-09,BAJFINANCE,EQ,2345.7,2359,2363.2,2337,2344.45,2348.05,2350.69,551695,1296866603.1,26391,202430,36.69,-0.004641797371768,0.011210954214805,0.004189602929651,0.004048962296384,1
2018-07-10,BAJFINANCE,EQ,2348.05,2360,2382,2350,2367,2366.35,2370.44,784134,1858743299.8,45628,308333,39.32,0.002690677966102,0.013617021276596,0.003874063410521,0.003578305215213,1
2018-07-11,BAJFINANCE,EQ,2366.35,2365.9,2382,2345,2354.3,2355.6,2364.85,594805,1406621874.1,54305,255550,42.96,-0.004353522972231,0.015778251599147,0.002077980904548,0.005138448581694,1
2018-07-12,BAJFINANCE,EQ,2355.6,2375,2429,2360.35,2417.2,2415,2406.92,1396150,3360424150.65,69112,396651,28.41,0.016842105263158,0.029084669646451,0.00722851368061,0.011197458019507,1
2018-07-13,BAJFINANCE,EQ,2415,2433.85,2475,2422.2,2474,2468.6,2450.71,1390485,3407674157.55,54821,388552,27.94,0.01427779033219,0.021798365122616,0.010332759051036,0.01300986792322,1
2018-07-16,BAJFINANCE,EQ,2468.6,2475,2499.4,2460,2471,2472.3,2481.26,1172644,2909633439.25,50502,473561,40.38,-0.001090909090909,0.016016260162602,0.010432157471753,0.012922359125243,1
2018-07-17,BAJFINANCE,EQ,2472.3,2475,2492.25,2435.6,2475,2469.15,2461.04,944686,2324909336.75,43638,359847,38.09,-0.002363636363636,0.02325915585482,0.00861859379674,0.013978374465867,1
2018-07-18,BAJFINANCE,EQ,2469.15,2478.2,2523.05,2471.35,2495,2488.75,2496.47,1405478,3508737467,56900,479715,34.13,0.004257122104754,0.020919740222955,0.011114756941848,0.012017331510889,1
2018-07-19,BAJFINANCE,EQ,2488.75,2503.9,2537,2357.5,2511,2520.2,2464.93,4889817,12053039306.75,169587,563753,11.53,0.006509844642358,0.076139978791092,0.008598829051363,0.009347099394363,1
2018-07-20,BAJFINANCE,EQ,2520.2,2521,2745,2486.85,2721.95,2721.35,2656.7,7361274,19556662674.55,267359,1246778,16.94,0.079472431574772,0.10380601966343,0.020122924463949,0.033809614544495,1
2018-07-23,BAJFINANCE,EQ,2721.35,2720,2797,2717,2751.65,2755.8,2767.3,3551888,9829125800.5,128093,713723,20.09,0.013161764705883,0.029444239970556,0.022354991042619,0.032620163521122,1
2018-07-24,BAJFINANCE,EQ,2755.8,2749,2758,2687.25,2716,2713.35,2709.44,2778837,7529100200.4,87382,1413818,50.88,-0.012968352128047,0.026328030514467,0.019529039393843,0.03565027174338,1
2018-07-25,BAJFINANCE,EQ,2713.35,2727,2778.3,2692,2699.8,2705.05,2738.22,1884105,5159100379.05,85845,463879,24.62,-0.008049138247158,0.032057949479941,0.01732965866862,0.036862735598253,1
2018-07-26,BAJFINANCE,EQ,2705.05,2695,2728.4,2654.8,2697.95,2681.65,2688.94,2185905,5877766747.55,68161,1360654,62.25,-0.004953617810761,0.027723368992015,0.013072188078914,0.038722604805522,1
2018-07-27,BAJFINANCE,EQ,2681.65,2685,2724.5,2667.05,2719,2713.7,2699.63,958703,2588146465.7,53334,283590,29.58,0.010689013035382,0.021540653531055,-0.000500511336206,0.012483087287675,1
2018-07-30,BAJFINANCE,EQ,2713.7,2715.55,2722.6,2666,2674.1,2678,2686.12,822162,2208425410,38160,300109,36.5,-0.013827769696747,0.021230307576894,-0.005663437042087,0.010920187174461,1
2018-07-31,BAJFINANCE,EQ,2678,2672,2708.9,2668.05,2704,2697.9,2694.64,711174,1916354714.6,50897,280343,39.42,0.009693113772455,0.0153108075186,-0.001096478230361,0.010598377195495,1
2018-08-01,BAJFINANCE,EQ,2697.9,2715,2771.65,2702.7,2715,2722.8,2740.14,1584541,4341862104.5,63007,406920,25.68,0.002872928176796,0.025511525511526,0.001361191752499,0.011422282717974,1
2018-08-02,BAJFINANCE,EQ,2722.8,2714.3,2726.25,2680,2682.2,2683.85,2698.79,781173,2108222305.5,46270,311982,39.94,-0.011218362008621,0.017257462686567,0.000230263747884,0.012851838509741,1
2018-08-03,BAJFINANCE,EQ,2683.85,2700,2709,2660.25,2681,2681.3,2685.24,741852,1992051357.8,37652,235547,31.75,-0.006925925925926,0.018325345362278,-0.002350081168063,0.011083679266035,1
2018-08-06,BAJFINANCE,EQ,2681.3,2693.9,2707.95,2666.45,2694.8,2696.25,2684.06,622905,1671917045.65,37436,282331,45.32,0.000872341215338,0.01556376455587,0.001396143630306,0.009582296416549,1
2018-08-07,BAJFINANCE,EQ,2696.25,2705,2754.5,2682,2752.8,2747.35,2720.98,1166483,3173977316.7,44224,366212,31.39,0.015656192236599,0.02703206562267,0.003700409609768,0.012374689077018,1
2018-08-08,BAJFINANCE,EQ,2747.35,2755.2,2819.65,2752,2809.95,2813.15,2792.42,2113934,5903001139.25,86177,484910,22.94,0.021032955865273,0.024582122093023,0.006644599912285,0.015400331714325,1
2018-08-09,BAJFINANCE,EQ,2813.15,2824,2846.05,2800,2825.45,2830.15,2829.62,1147083,3245810294.65,41311,199239,17.37,0.00217776203966,0.016446428571429,0.010714234893089,0.010336126297172,1
2018-08-10,BAJFINANCE,EQ,2830.15,2816,2837.4,2791.25,2815,2808.45,2813.25,877508,2468649319.35,43329,297799,33.94,-0.002681107954546,0.01653381101657,0.009370772791794,0.012451366645201,1
2018-08-13,BAJFINANCE,EQ,2808.45,2807.95,2807.95,2754.2,2760.3,2760.4,2773.19,809365,2244526813.45,36853,397860,49.16,-0.016934062216208,0.019515648827246,0.004833825767253,0.017349397962272,1
2018-08-14,BAJFINANCE,EQ,2760.4,2763.3,2837.5,2763.3,2830.2,2830.2,2818.04,1051658,2963619046.55,48387,252388,24,0.024210183476278,0.026851952375783,0.006100614150035,0.018807924085831,1
2018-08-16,BAJFINANCE,EQ,2830.2,2832,2908,2822.05,2856.2,2856.6,2872.05,2229727,6403885253.05,103069,651822,29.23,0.008686440677966,0.030456582980457,0.003176136256159,0.016309443664368,1
2018-08-17,BAJFINANCE,EQ,2856.6,2866,2885,2841.5,2851.2,2851.2,2859.54,688133,1967747140.2,34708,186767,27.14,-0.00516399162596,0.015308815766321,0.001589454856721,0.016346667972155,1
2018-08-20,BAJFINANCE,EQ,2851.2,2877.95,2877.95,2836.3,2840.85,2839.75,2854.02,665480,1899292162.15,37545,238282,35.81,-0.013273336923852,0.01468462433452,0.002319771886215,0.015905319932461,1
2018-08-21,BAJFINANCE,EQ,2839.75,2840.85,2883,2824.8,2871.9,2871.8,2853.59,951549,2715331870.95,46240,296876,31.2,0.010894626608234,0.020603228547154,0.007998829144891,0.011764086511655,1
2018-08-23,BAJFINANCE,EQ,2871.8,2889,2909,2871.3,2891.05,2893.85,2894.11,1675920,4850295484.8,49545,279617,16.68,0.001678781585324,0.013129941141643,0.004477213321271,0.006942910706231,1
2018-08-24,BAJFINANCE,EQ,2893.85,2892,2943.4,2891.05,2920.5,2916.6,2925.6,1327710,3884349778.4,52356,284007,21.39,0.00850622406639,0.018107607962505,0.004183920660967,0.00671396969251,1
2018-08-27,BAJFINANCE,EQ,2916.6,2939.4,2959,2925.05,2958,2950.75,2941.26,976004,2870685846.85,51962,371017,38.01,0.003861332244676,0.011606639202749,0.006903760306451,0.006384540686264,1
2018-08-28,BAJFINANCE,EQ,2950.75,2982,2982,2925.8,2937,2932.6,2949.26,1233742,3638620530.5,85123,536642,43.5,-0.016566063044936,0.019208421628273,0.006476735188334,0.007302840879375,1
2018-08-29,BAJFINANCE,EQ,2932.6,2930,2994,2930,2990,2985.5,2970.21,1402583,4165961334.95,67059,515888,36.78,0.018941979522184,0.021843003412969,0.007827214345871,0.008870635589489,1
2018-08-30,BAJFINANCE,EQ,2985.5,2993.9,2993.9,2920.95,2928,2926.75,2948.54,1452996,4284215479.9,88899,666392,45.86,-0.022428938842313,0.024974751365138,0.002355902923759,0.015179060981968,1
2018-08-31,BAJFINANCE,EQ,2926.75,2935,2954.85,2841.1,2856,2856.6,2877.94,1357206,3905962686.2,103666,512949,37.79,-0.026712095400341,0.040037309492802,-0.004010110116631,0.018585283297599,1
2018-09-03,BAJFINANCE,EQ,2856.6,2880,2880,2715.3,2720.1,2724.05,2794.49,2516840,7033272631.55,108879,1127671,44.81,-0.054149305555556,0.060656281073915,-0.015632141178485,0.023749852553501,1
2018-09-04,BAJFINANCE,EQ,2724.05,2724,2777.65,2683.5,2748,2746.3,2726.23,2606992,7107269891.9,108019,608250,23.33,0.008186490455213,0.035084777343022,-0.012768348431702,0.025941130519046,1
2018-09-05,BAJFINANCE,EQ,2746.3,2740.15,2764.8,2668,2704.45,2716.9,2712.53,1728455,4688483550.5,70749,435147,25.18,-0.008484936956006,0.036281859070465,-0.01851713106403,0.019885387300471,1
2018-09-06,BAJFINANCE,EQ,2716.9,2729,2731.5,2671.4,2672.2,2684.1,2695.89,1147879,3094561115.65,46641,360465,31.4,-0.016452913155002,0.022497566818897,-0.016995958444328,0.020064447618978,1
2018-09-07,BAJFINANCE,EQ,2684.1,2698.4,2751.4,2672.6,2745,2744.2,2716.32,1264436,3434609995.1,56453,227156,17.97,0.016973021049511,0.029484397216194,-0.007724021668133,0.025899849022546,1
2018-09-10,BAJFINANCE,EQ,2744.2,2732,2738,2596,2607.6,2615.65,2655.39,1570179,4169441414.65,77016,516987,32.93,-0.0425878477306,0.054699537750385,-0.007812609084977,0.026065441145059,1
2018-09-11,BAJFINANCE,EQ,2615.65,2621,2668.8,2562.25,2600,2600.75,2619.05,3357660,8793882087.4,135043,728912,21.71,-0.0077260587562,0.041584544833642,-0.01058550227846,0.02463880481702,1
2018-09-12,BAJFINANCE,EQ,2600.75,2617.95,2636.95,2516.1,2588.9,2594,2577.54,2682340,6913828279.6,126357,586940,21.88,-0.009148379457209,0.04803068240531,-0.008963520792295,0.024894557581935,1
2018-09-14,BAJFINANCE,EQ,2594,2630.5,2683.5,2626.25,2678,2672.2,2651.42,1795131,4759643967.45,76712,424000,23.62,0.015852499524805,0.021799143265112,-0.000519705866824,0.0301761195458,1
2018-09-17,BAJFINANCE,EQ,2672.2,2660,2660,2588.25,2596,2604.6,2613.75,1455320,3803840998.85,58481,264129,18.15,-0.020827067669173,0.027721433400947,-0.01005743101427,0.028620732727517,1
2018-09-18,BAJFINANCE,EQ,2604.6,2610,2627.45,2559,2563.4,2570.4,2597.61,1449290,3764692759.85,59710,200650,13.84,-0.015172413793104,0.026748729972646,-0.003314703360539,0.020648472402249,1
2018-09-19,BAJFINANCE,EQ,2570.4,2585,2597.7,2486.5,2499,2499.55,2534.22,1894557,4801231358.85,80228,490995,25.92,-0.033056092843327,0.044721496078826,-0.007688167860704,0.023410188356686,1
2018-09-21,BAJFINANCE,EQ,2499.55,2530,2557,2124.65,2392.9,2379.4,2393.26,5750880,13763335232.8,175965,1712779,29.78,-0.059525691699605,0.203492339914809,-0.016782817297872,0.029082777248912,1
2018-09-24,BAJFINANCE,EQ,2379.4,2422.15,2422.45,2168.6,2235,2260.8,2241.78,7798172,17481775893.3,285804,2876991,36.89,-0.066614371529426,0.117057087521904,-0.03278101540137,0.015765743928157,1
2018-09-25,BAJFINANCE,EQ,2260.8,2235,2330.35,2180.6,2297.75,2299.2,2269.68,5537396,12568134633.5,195380,1420566,25.65,0.028724832214765,0.06867375951573,-0.024324486266205,0.027646597612604,1
2018-09-26,BAJFINANCE,EQ,2299.2,2329,2353.95,2295.1,2299.05,2315.55,2329.47,2728756,6356543237.3,121960,1082430,39.67,-0.005775010734221,0.025641584244695,-0.020276129432615,0.030976963815653,1
2018-09-27,BAJFINANCE,EQ,2315.55,2323.4,2323.4,2192.15,2209.35,2204.2,2246.48,2796294,6281818985.25,104324,1012275,36.2,-0.051304123267625,0.05987272768743,-0.024380954227655,0.033445579396826,1
2018-09-28,BAJFINANCE,EQ,2204.2,2232,2248,2117,2178.55,2168,2188.27,3831096,8383461387.85,136482,793224,20.7,-0.028673835125448,0.061880018894662,-0.018051862173737,0.030726043632437,1
2018-10-01,BAJFINANCE,EQ,2168,2168,2233.35,2052.2,2218,2208.5,2130.49,4821772,10272717489.3,156061,1248652,25.9,0.018680811808118,0.088271123672157,-0.004346800089494,0.028176821155149,1
2018-10-03,BAJFINANCE,EQ,2208.5,2200,2329.95,2166.05,2222.05,2232.2,2257.64,5567701,12569886813.15,171390,2307249,41.44,0.014636363636364,0.075667690034856,-0.00559757457737,0.027111839197025,1
2018-10-04,BAJFINANCE,EQ,2232.2,2169,2212,2118.55,2167.1,2179.15,2164.77,4002718,8664965903.4,125340,1016254,25.39,0.004679575841402,0.044110358499917,-0.011772966716977,0.027009729274387,1
2018-10-05,BAJFINANCE,EQ,2179.15,2160,2214.6,1963.25,1965,2023.3,2112.81,3470441,7332376310.5,126458,727272,20.96,-0.063287037037037,0.128027505411944,-0.016459123546953,0.035563602260828,1
2018-10-08,BAJFINANCE,EQ,2023.3,1992,2090,1912.2,1962,1974.85,2005.81,5966669,11967997563.6,241495,1324407,22.2,-0.008609437751004,0.092981905658404,-0.017963690882365,0.035720488054491,1
2018-10-09,BAJFINANCE,EQ,1974.85,1975,2115.85,1947.65,2061,2060.85,2031.07,4859016,9869025593.8,172851,1199729,24.69,0.04346835443038,0.086360485713552,-0.012990331001793,0.043072503504792,1
2018-10-10,BAJFINANCE,EQ,2060.85,2100,2305.7,2100,2256.95,2270.95,2241.29,7235957,16217900484.8,271746,1568245,21.67,0.081404761904762,0.097952380952381,0.005253060934608,0.067832538384632,1
2018-10-11,BAJFINANCE,EQ,2270.95,2100,2230,2060,2173,2162.1,2167.12,5467086,11847805404.15,205598,822894,15.05,0.029571428571429,0.08252427184466,0.000419922769904,0.07119466058244,1
2018-10-12,BAJFINANCE,EQ,2162.1,2227.25,2320,2227.25,2286,2287.35,2285.25,3665577,8376744417.35,145259,535486,14.61,0.026983948815804,0.041643282074307,0.026309623151036,0.061350537176059,1
2018-10-15,BAJFINANCE,EQ,2287.35,2319.75,2319.75,2261.1,2314.25,2306.2,2295.61,2435413,5590760852.6,98728,289911,11.9,-0.005841146675288,0.025938702401486,0.032747024414102,0.056234327541993,1
2018-10-16,BAJFINANCE,EQ,2306.2,2325,2362,2285.25,2307.6,2308.85,2323.66,2528484,5875348086.3,96034,442720,17.51,-0.00694623655914,0.033584946942348,0.024267317452454,0.057383466410185,1
2018-10-17,BAJFINANCE,EQ,2308.85,2340,2369.25,2132.85,2148,2150.5,2230.83,3811985,8503887799.95,141863,677510,17.77,-0.080982905982906,0.110837611646389,-0.00983911300957,0.049855380970974,1
2018-10-19,BAJFINANCE,EQ,2150.5,2150,2198,2053.95,2173.9,2140.5,2119.86,4286790,9087411872.6,154327,461727,10.77,-0.004418604651163,0.070133158061297,-0.001182832801005,0.04512060935383,1
2018-10-22,BAJFINANCE,EQ,2140.5,2188,2218.95,2091,2120,2115.35,2158.04,3681946,7945799985.4,130334,696457,18.92,-0.033203839122486,0.061190817790531,-0.015118709140701,0.03078062888877,1
2018-10-23,BAJFINANCE,EQ,2115.35,2095,2155.35,1997.55,2135,2083.35,2085.21,9064775,18901975524.05,330448,1495387,16.5,-0.005560859188544,0.07899677104453,-0.019792408704492,0.027995072050352,1
2018-10-24,BAJFINANCE,EQ,2083.35,2175,2339,2160,2332.7,2311.8,2230.71,10357295,23104160190.9,420208,2273036,21.95,0.062896551724138,0.08287037037037,0.001908800566764,0.065380236732409,1
2018-10-25,BAJFINANCE,EQ,2311.8,2285,2348,2256.8,2334.3,2335,2304.82,5201159,11987733034.7,192063,796404,15.31,0.021881838074398,0.040411201701524,0.017632680018692,0.052342424490556,1
2018-10-26,BAJFINANCE,EQ,2335,2329.95,2376.8,2278.5,2323,2338.9,2335.67,3795831,8865790370.8,157950,719346,18.95,0.003841284147729,0.043142418257626,0.018896743403184,0.051742648036096,1
2018-10-29,BAJFINANCE,EQ,2338.9,2338.9,2392,2315,2382.05,2380.45,2357.75,2201145,5189738799.8,90062,305447,13.88,0.017764761212536,0.033261339092873,0.024799613889093,0.048982319925942,1
2018-10-30,BAJFINANCE,EQ,2380.45,2395,2423.9,2350.35,2356.35,2356.35,2387.54,2202230,5257910981.55,101049,349374,15.86,-0.016137787056368,0.031293211649329,0.025800290704248,0.048004052351354,1
2018-10-31,BAJFINANCE,EQ,2356.35,2367.8,2392,2306.9,2368.1,2382.55,2356.22,2808812,6618171987.8,122631,765349,27.25,0.006229411267844,0.036889332003988,0.00609304445363,0.010719013692737,1
2018-11-01,BAJFINANCE,EQ,2382.55,2391.45,2435,2372.45,2419.7,2418.1,2416.75,2552134,6167878125.8,134501,748548,29.33,0.011143866691756,0.026365149950473,0.007070148017762,0.011371073257687,1
2018-11-02,BAJFINANCE,EQ,2418.1,2443,2474.9,2365,2390,2383.3,2427.39,2367117,5745922271.15,107167,586863,24.79,-0.02443716741711,0.04646934460888,0.003857808033983,0.014975407665341,1
2018-11-05,BAJFINANCE,EQ,2383.3,2390,2409,2332.7,2360,2359.4,2362.96,1625999,3842168007.4,89106,393788,24.22,-0.012803347280335,0.032708878124062,-0.001700766664782,0.013619636667837,1
2018-11-06,BAJFINANCE,EQ,2359.4,2370,2389.9,2332.35,2335,2339.75,2356.84,1368682,3225758928.9,58423,299825,21.91,-0.012763713080169,0.024674684331254,-0.001341617140908,0.013363245188873,1
2018-11-07,BAJFINANCE,EQ,2339.75,2360,2364.5,2343.7,2349.65,2348.4,2350.06,171467,402957998.15,10427,39575,23.08,-0.004915254237288,0.008874855996928,-0.002826000207561,0.011973005776648,1
2018-11-09,BAJFINANCE,EQ,2348.4,2349.65,2383.85,2338.25,2375.35,2375.35,2365.32,1327846,3140781867.2,70853,385415,29.03,0.010937799246696,0.019501764139848,-0.003515018114154,0.010731104976588,1
2018-11-12,BAJFINANCE,EQ,2375.35,2375.35,2385,2270,2280,2277.6,2329.21,1479678,3446483985.1,69540,391380,26.45,-0.041151830256594,0.050660792951542,-0.008867091290902,0.020097484697437,1
2018-11-13,BAJFINANCE,EQ,2277.6,2270,2308.35,2233.1,2285,2285,2267.37,2297710,5209753682.85,129267,641071,27.9,0.006607929515419,0.03369755049035,-0.006211662020453,0.020771564491192,1
2018-11-14,BAJFINANCE,EQ,2285,2299,2315,2265,2287,2293.95,2294.18,1456146,3340662749.45,70677,350098,24.04,-0.002196607220531,0.022075055187638,-0.003762614502717,0.021177515207339,1
2018-11-15,BAJFINANCE,EQ,2293.95,2287,2348,2285.1,2339,2341.3,2321.21,1577115,3660812879.4,75028,310877,19.71,0.023742894621775,0.027526147652182,-0.000373759339465,0.02385597467899,1
2018-11-16,BAJFINANCE,EQ,2341.3,2342,2417.2,2340,2413,2402.1,2384.21,1918873,4574991475.05,87388,609737,31.78,0.025661827497865,0.032991452991453,0.002524756773741,0.026400389514568,1
2018-11-19,BAJFINANCE,EQ,2402.1,2420,2422.3,2350.3,2367,2360.95,2376.96,1357795,3227426710.25,70411,476251,35.08,-0.024400826446281,0.030634387099519,0.007328954056066,0.016964809824384,1
2018-11-20,BAJFINANCE,EQ,2360.95,2365,2392.95,2345.75,2374,2380.1,2373.93,1237702,2938220647.9,56952,260667,21.06,0.006384778012685,0.020121496323138,0.008301375582162,0.016811135757405,1
2018-11-21,BAJFINANCE,EQ,2380.1,2389,2435,2361.7,2432,2430.55,2400.6,1514725,3636247034.4,68228,265481,17.53,0.017392214315613,0.031036964898167,0.011757323454827,0.017448507838593,1
2018-11-22,BAJFINANCE,EQ,2430.55,2432,2454.8,2360,2369.8,2381.5,2418.22,1604279,3879497956.25,112270,340759,21.24,-0.020764802631579,0.040169491525424,0.003592949545901,0.021363664165721,1
2018-11-26,BAJFINANCE,EQ,2381.5,2400,2411.9,2346.95,2395,2394.6,2382.57,1391434,3315189670.4,63395,204596,14.7,-0.00225,0.027674215471144,-0.000500599297921,0.017640962273638,1
2018-11-27,BAJFINANCE,EQ,2394.6,2395,2439.9,2375,2437,2435.45,2410.53,1594955,3844687322.35,71903,333606,20.92,0.016889352818372,0.027326315789474,0.006337412785196,0.016146239911801,1
2018-11-28,BAJFINANCE,EQ,2435.45,2445.95,2449,2396.25,2410,2412.55,2422.61,1396260,3382587671.7,82033,471631,33.78,-0.013655225985813,0.022013562858633,0.002834628490158,0.01750760057514,1
2018-11-29,BAJFINANCE,EQ,2412.55,2435,2517.6,2416.85,2515,2506.5,2480.07,2861284,7096181708.2,111458,1122488,39.23,0.029363449691992,0.041686492748826,0.006383750432262,0.023074217160044,1
2018-11-30,BAJFINANCE,EQ,2506.5,2538,2564.4,2507.05,2531.35,2537.7,2533.84,2737341,6935996953.65,110643,850515,31.07,-0.000118203309693,0.022875491115056,0.012909401172605,0.017662548411969,1
2018-12-03,BAJFINANCE,EQ,2537.7,2548,2555.55,2490.75,2509.1,2508.65,2516.61,1115592,2807514669.5,61285,263252,23.6,-0.015443485086342,0.026016260162602,0.009519779485203,0.02078929370107,1
2018-12-04,BAJFINANCE,EQ,2508.65,2509,2549,2495,2542.5,2543.55,2529.18,1329587,3362767237.15,57504,323380,24.32,0.013770426464727,0.021643286573146,0.008890309160536,0.020550213314285,1
2018-12-05,BAJFINANCE,EQ,2543.55,2539.9,2539.9,2470.3,2508,2494.1,2504.04,1327031,3322939292,62196,348468,26.26,-0.018032205992362,0.028174715621584,0.006882598715964,0.023114580630005,1
2018-12-06,BAJFINANCE,EQ,2494.1,2481,2494,2418,2425.5,2432.4,2466.92,1317472,3250101916.85,59432,347583,26.38,-0.019588875453446,0.031430934656741,-0.005853517418447,0.018014998100133,1
2018-12-07,BAJFINANCE,EQ,2432.4,2443,2497.75,2414.65,2486.35,2486.35,2455.62,1478720,3631175516.8,64924,285479,19.31,0.017744576340565,0.03441492555857,-0.003907096612788,0.020797530898519,1
2018-12-10,BAJFINANCE,EQ,2486.35,2410.45,2443.9,2382.35,2395.6,2395.55,2404.57,1399894,3366149097.4,73093,321685,22.98,-0.006181418407351,0.025835834365228,-0.008921501071908,0.025549629122901,1
2018-12-11,BAJFINANCE,EQ,2395.55,2360,2446.5,2332.1,2432,2426.75,2402.08,2189278,5258818002.35,86224,424783,19.4,0.028283898305085,0.049054500235839,-0.009099044272799,0.025353626644591,1
2018-12-12,BAJFINANCE,EQ,2426.75,2445,2514.9,2434.35,2485.4,2493.95,2487.74,1683197,4187350928.3,74367,435367,25.87,0.020020449897751,0.033088914905416,0.000327493477097,0.029040911481256,1
2018-12-13,BAJFINANCE,EQ,2493.95,2510.2,2528.95,2475,2490.8,2489.1,2506.18,1713161,4293486902.25,81243,408094,23.82,-0.008405704724723,0.02179797979798,0.004886228755881,0.025721841742992,1
2018-12-14,BAJFINANCE,EQ,2489.1,2488.25,2512,2464.25,2485.35,2486.35,2490.57,1204379,2999593110.2,55506,261156,21.68,-0.000763588867678,0.019377092421629,0.000229317320592,0.023847670442418,1
2018-12-17,BAJFINANCE,EQ,2486.35,2498.6,2509.9,2466.25,2475,2474.4,2482.95,1019602,2531621444.5,53595,371850,36.47,-0.009685423837349,0.017698935631019,0.006571948084563,0.013680183223246,1
2018-12-18,BAJFINANCE,EQ,2474.4,2469.7,2538.2,2446.6,2533,2532.2,2500.36,1653107,4133359892.8,69881,456863,27.64,0.025306717415071,0.03743971225374,0.008638957933889,0.015551590543006,1
2018-12-19,BAJFINANCE,EQ,2532.2,2550.8,2629.1,2550.15,2592,2596.9,2597.8,2946314,7653926827.95,161533,884477,30.02,0.018072761486592,0.030958963198243,0.008210867453707,0.014912340504288,1
2018-12-20,BAJFINANCE,EQ,2596.9,2560,2609.9,2531.6,2594,2591.4,2584.53,1467028,3791572612.8,59610,264554,18.03,0.012265625,0.030929056723021,0.008176226728392,0.01494200088032,1
2018-12-21,BAJFINANCE,EQ,2591.4,2615,2623.9,2532.7,2587,2591.25,2586.49,3042464,7869303799.75,106879,1480901,48.67,-0.009082217973231,0.036009002250563,0.00838561337494,0.014785948991805,1
2018-12-24,BAJFINANCE,EQ,2591.25,2594,2604.85,2553,2566.2,2564.9,2568.95,1050017,2697442198.15,38810,181276,17.26,-0.011218195836546,0.020309439874657,0.007313094304559,0.016116670398922,1
2018-12-26,BAJFINANCE,EQ,2564.9,2560,2582.95,2503.7,2575,2567.4,2545.04,1662068,4230029670.65,62517,330566,19.89,0.002890625,0.031653153333067,0.002836194040522,0.013430123894457,1
2018-12-27,BAJFINANCE,EQ,2567.4,2598.85,2626.75,2570,2595,2587.15,2587.24,1626301,4207634092.9,58180,506414,31.14,-0.004501991265367,0.022081712062257,-0.000735465368467,0.006428760415034,1
2018-12-28,BAJFINANCE,EQ,2587.15,2603,2643.8,2585.95,2641,2634.8,2620.21,1901581,4982547527.55,57926,325153,17.1,0.012216673069535,0.022370888841625,0.003371706645471,0.010558334498139,1
2018-12-31,BAJFINANCE,EQ,2634.8,2656.95,2666.3,2635.6,2641,2645.15,2648.68,1453327,3849395233.75,63838,213940,14.72,-0.004441182558949,0.011648201548035,0.004168921777974,0.010383683535697,1
2019-01-01,BAJFINANCE,EQ,2645.15,2645,2664,2612.1,2651,2656.85,2637.85,917872,2421210677.8,38274,159441,17.37,0.004480151228733,0.019869070862525,0.007087327186943,0.006767410829527,1
2019-01-02,BAJFINANCE,EQ,2656.85,2635.1,2662,2601.9,2614.5,2614.05,2633.22,1304915,3436123168.3,62076,291745,22.36,-0.007988311639027,0.023098504938699,0.003670527339219,0.01250538048918,1
2019-01-03,BAJFINANCE,EQ,2614.05,2612,2648,2575.3,2590,2586.2,2619.24,1282478,3359123630.9,58136,272506,21.25,-0.009877488514548,0.028229720809226,1.21266422250521E-06,0.013667779610287,1
2019-01-04,BAJFINANCE,EQ,2586.2,2601,2611.9,2563.65,2575,2576.05,2586.04,1051021,2717982194.9,44956,149919,14.26,-0.009592464436755,0.018820821875061,-0.0044673128131,0.008994867778823,1
2019-01-07,BAJFINANCE,EQ,2576.05,2601,2605,2545.35,2550,2553.6,2576.01,1024328,2638682339.45,34438,182992,17.86,-0.018223760092272,0.023434891075884,-0.006995929782979,0.007733345077207,1
2019-01-08,BAJFINANCE,EQ,2553.6,2560,2582,2525.05,2531,2537.05,2548.04,1233379,3142702555.05,48401,318332,25.81,-0.00896484375,0.022554008831508,-0.009176776978397,0.004618085346739,1
2019-01-09,BAJFINANCE,EQ,2537.05,2546,2559.8,2510,2523,2524.35,2531.52,1093992,2769457599.45,50474,236779,21.64,-0.008503534956795,0.019840637450199,-0.006956079272309,0.002737991178983,1
2019-01-10,BAJFINANCE,EQ,2524.35,2526,2542.45,2504.7,2515,2514.65,2524.29,910839,2299224387.45,46676,276057,30.31,-0.004493269992082,0.015071665269294,-0.005593800725855,0.002044927936247,1
2019-01-11,BAJFINANCE,EQ,2514.65,2516,2530,2488,2514,2514.2,2507.69,818218,2051837669.05,50724,240007,29.33,-0.000715421303657,0.016881028938907,-0.004844655568384,0.003180229903994,1
2019-01-14,BAJFINANCE,EQ,2514.2,2515.95,2552.9,2484.15,2551,2544.8,2519.21,1021504,2573382956.45,41933,277602,27.18,0.011466841550905,0.027675462431818,-0.000667503084838,0.00754588943097,1
2019-01-15,BAJFINANCE,EQ,2544.8,2551,2613,2551,2599.35,2604.2,2581.09,1466303,3784657950.45,52019,445421,30.38,0.020854566836535,0.024304194433556,0.005297049476619,0.012170945831185,1
2019-01-16,BAJFINANCE,EQ,2604.2,2598.4,2612.15,2562.8,2565.05,2569.85,2580.12,952597,2457815965.55,43546,281456,29.55,-0.010987530788178,0.019256282191353,0.003660166011392,0.01427201199318,1
2019-01-17,BAJFINANCE,EQ,2569.85,2574,2586.55,2527.05,2531.15,2535.9,2548.14,994183,2533317045.5,54816,339896,34.19,-0.014801864801865,0.023545240497814,0.001786503119533,0.01601210168123,1
2019-01-18,BAJFINANCE,EQ,2535.9,2545,2555,2525.1,2547.95,2542.9,2541.15,753775,1915458605.25,42122,191879,25.46,-0.000825147347741,0.011841115203358,0.002374365631153,0.015975818270678,1
2019-01-21,BAJFINANCE,EQ,2542.9,2548,2606,2526.6,2588,2594.2,2581.23,1332159,3438605018.3,54146,378348,28.4,0.018131868131868,0.031425631283147,0.003974955197904,0.017528167581845,1
2019-01-22,BAJFINANCE,EQ,2594.2,2585,2635,2575,2620.5,2621.9,2615.71,1474713,3857419057.45,67966,315411,21.39,0.014274661508704,0.023300970873787,0.001442145021957,0.014720104307806,1
2019-01-23,BAJFINANCE,EQ,2621.9,2619,2653,2611,2633.05,2634.35,2641.25,992504,2621446958.15,41955,190244,19.17,0.00586101565483,0.016085790884719,0.005029884225712,0.012239197668884,1
2019-01-24,BAJFINANCE,EQ,2634.35,2639,2653.5,2603.1,2637,2635.65,2626.48,753856,1979986667.25,37730,150782,20,-0.001269420234937,0.019361530482886,0.007770757857748,0.007897516904891,1
2019-01-25,BAJFINANCE,EQ,2635.65,2649,2661,2585,2605,2599.55,2628.68,916927,2410312055.4,43173,257746,28.11,-0.018667421668554,0.029400386847195,0.004479323408486,0.012560531725793,1
2019-01-28,BAJFINANCE,EQ,2599.55,2610,2610,2355,2458,2458.5,2466.23,2364047,5830278043.05,119075,468550,19.82,-0.058045977011494,0.10828025477707,-0.010407318260248,0.026109992176202,1
2019-01-29,BAJFINANCE,EQ,2458.5,2468,2570.1,2371.65,2567.95,2515.55,2472.14,6118833,15126581643.25,240657,822706,13.45,0.019266612641815,0.083675921826576,-0.007901810087238,0.029072169607722,1
2019-01-30,BAJFINANCE,EQ,2515.55,2580,2623.7,2546,2575,2595.5,2592.52,3879707,10058218818.45,182783,1020304,26.3,0.006007751937985,0.030518460329929,-0.002495040256609,0.034093249448492,1
2019-01-31,BAJFINANCE,EQ,2595.5,2608,2608,2526,2581.1,2574.85,2567.54,2083418,5349249189.15,109891,542639,26.05,-0.012710889570552,0.032462391132225,-0.004184951895046,0.034117485622985,1
2019-02-01,BAJFINANCE,EQ,2574.85,2575,2687.9,2575,2629,2628.4,2630.85,2117768,5571520248.45,92973,461799,21.81,0.02073786407767,0.043844660194175,0.002713875911558,0.035184090935694,1
2019-02-04,BAJFINANCE,EQ,2628.4,2610,2623.55,2572.2,2594.3,2594.45,2593.98,942113,2443825392.2,47164,227244,24.12,-0.00595785440613,0.019963455407822,0.010982433469901,0.020051150405529,1
2019-02-05,BAJFINANCE,EQ,2594.45,2600,2642.1,2593.95,2600,2603.6,2621.69,1010817,2650050194.7,44464,277797,27.48,0.001384615384615,0.018562424102238,0.007046743993233,0.01895347708508,1
2019-02-06,BAJFINANCE,EQ,2603.6,2619,2720,2612.1,2718,2711.25,2674.16,1798461,4809371808.9,121591,579895,32.24,0.035223367697595,0.041307760039815,0.00895960059576,0.022266979848387,1
2019-02-07,BAJFINANCE,EQ,2711.25,2725,2731,2684.1,2692,2696.6,2707.52,1760580,4766798531.7,66102,397838,22.6,-0.010422018348624,0.017473268507135,0.009470133819069,0.021806686425382,1
2019-02-08,BAJFINANCE,EQ,2696.6,2670,2737.45,2670,2700.05,2707.15,2712.09,1510785,4097377586.65,87521,304472,20.15,0.013913857677903,0.025262172284644,0.006093135029188,0.020902688209593,1
2019-02-11,BAJFINANCE,EQ,2707.15,2724.7,2724.7,2635,2668.25,2657.2,2665.29,1194702,3184222841.95,56949,205481,17.2,-0.024773369545271,0.03404174573055,0.004986227950265,0.022263279755849,1
2019-02-12,BAJFINANCE,EQ,2657.2,2668,2677.15,2616.3,2616.95,2621.8,2633.31,1200370,3160945322.6,59198,396275,33.01,-0.017316341829085,0.023258036157933,0.001616417312754,0.023763987013331,1
2019-02-13,BAJFINANCE,EQ,2621.8,2629.9,2649,2572.05,2580.6,2590.55,2603.78,1207192,3143262363.2,57068,314422,26.05,-0.014962546104415,0.029917769872281,-0.009036760509029,0.008605021441792,1
2019-02-14,BAJFINANCE,EQ,2590.55,2579.95,2622,2556.9,2614,2609.2,2595.13,1214126,3150818942.55,55987,318238,26.21,0.011337429019942,0.025460518596738,-0.006516229486154,0.011344897448164,1
2019-02-15,BAJFINANCE,EQ,2609.2,2610,2610,2506,2559.95,2561.1,2554.26,1640696,4190770275.05,123830,597509,36.42,-0.018735632183908,0.041500399042299,-0.010985650151799,0.010585896753934,1
2019-02-18,BAJFINANCE,EQ,2561.1,2548.05,2561,2512.45,2549.95,2549.45,2535.17,1154520,2926900719.4,61844,349945,30.31,0.000549439767665,0.019323767637167,-0.008205187756737,0.009940940129198,1
2019-02-19,BAJFINANCE,EQ,2549.45,2551,2606.95,2545,2565,2559.8,2585.02,1148339,2968474507.85,51702,243463,21.2,0.003449627597021,0.02434184675835,-0.004728789097735,0.010713368955439,1
2019-02-20,BAJFINANCE,EQ,2559.8,2585,2614.8,2571,2606.15,2606.15,2593.21,1038127,2692076866.7,51897,274982,26.49,0.008181818181818,0.017036172695449,0.001276445990198,0.013679870778572,1
2019-02-21,BAJFINANCE,EQ,2606.15,2610,2660,2593.05,2652.55,2654.7,2633.94,1139823,3002230328.5,51121,334836,29.38,0.017126436781609,0.025819016216425,0.003562399738287,0.015719888344961,1
2019-02-22,BAJFINANCE,EQ,2654.7,2652.55,2674,2632.4,2632.4,2640.4,2652.69,825672,2190253573.95,36680,152050,18.42,-0.004580498011348,0.015803069442334,0.006172019055132,0.01173264085876,1
2019-02-25,BAJFINANCE,EQ,2640.4,2639,2675,2613.75,2665.05,2657.75,2639.73,1024040,2703190061.9,50117,255636,24.96,0.007104964001516,0.023433763749402,0.008395979209306,0.010137949548331,1
2019-02-26,BAJFINANCE,EQ,2657.75,2637.3,2678,2600,2660.5,2657.75,2646.35,1618996,4284426293.3,58182,335396,20.72,0.007754142494218,0.03,0.007584039379147,0.01071803380845,1
2019-02-27,BAJFINANCE,EQ,2657.75,2670,2696.65,2625,2633,2642,2658.44,1147839,3051456295.55,61398,213870,18.63,-0.010486891385768,0.027295238095238,0.002777449652938,0.010195356217142,1
2019-02-28,BAJFINANCE,EQ,2642,2666.6,2667,2630,2647.2,2649,2647.33,1136843,3009601117.6,61702,388354,34.16,-0.006600165004125,0.014068441064639,-0.000418451186228,0.005325799901641,1
2019-03-01,BAJFINANCE,EQ,2649,2663.3,2674.3,2640,2659.3,2660.75,2658.34,707094,1879699727.65,37164,172888,24.45,-0.000957458791725,0.012992424242424,0.001546010570333,0.004822861358501,1
2019-03-05,BAJFINANCE,EQ,2660.75,2655,2708.35,2644.6,2696,2695.15,2676.32,847307,2267663199.85,51747,253792,29.95,0.015122410546139,0.024105724873327,0.002817552855566,0.00687878801875,1
2019-03-06,BAJFINANCE,EQ,2695.15,2715,2774.2,2700,2766,2766.7,2743.27,1543424,4234034086.75,65299,274461,17.78,0.019042357274402,0.027481481481482,0.008127090358117,0.01228307415437,1
2019-03-07,BAJFINANCE,EQ,2766.7,2774.95,2782.3,2725,2730.2,2734.8,2754.17,859851,2368176538.9,49281,192559,22.39,-0.014468729166291,0.02102752293578,0.007006307100976,0.014018952889013,1
2019-03-08,BAJFINANCE,EQ,2734.8,2724.9,2779,2716.6,2763.3,2768.3,2750.35,1178087,3240153803.1,62091,176906,15.02,0.015927189988624,0.022969888831628,0.008926310440334,0.013930198559821,1
2019-03-11,BAJFINANCE,EQ,2768.3,2769,2807.95,2769,2791,2791.05,2792.53,1169075,3264674684.15,50495,287589,24.6,0.007963163596966,0.014066449981943,0.009682791212979,0.013726579169831,1
2019-03-12,BAJFINANCE,EQ,2791.05,2808.8,2816.65,2745.5,2753,2753.05,2778.88,1385335,3849680831.55,83426,576810,41.64,-0.019848333808032,0.0259151338554,0.004374064552877,0.016919011653813,1
2019-03-13,BAJFINANCE,EQ,2753.05,2760,2837.95,2748.85,2832,2828.15,2797.29,1549296,4333834149.75,78322,407070,26.27,0.024692028985507,0.032413554759263,0.004520294290297,0.017160011033797,1
2019-03-14,BAJFINANCE,EQ,2828.15,2832,2835,2787.1,2814.9,2808.1,2811.64,896055,2519380609.4,43673,224141,25.01,-0.008439265536723,0.017186322701016,0.005408402584925,0.016210296190887,1
2019-03-15,BAJFINANCE,EQ,2808.1,2818.8,2899,2815,2862.8,2860.75,2857.26,2091562,5976128977.15,75939,861194,41.17,0.014882219384135,0.029840142095915,0.00670836411361,0.017130563073216,1
2019-03-18,BAJFINANCE,EQ,2860.75,2872,2941.1,2845,2940,2929.55,2896.57,1819986,5271716850.35,82050,497502,27.34,0.020038300835655,0.03377855887522,0.00987468358972,0.018855619224947,1
2019-03-19,BAJFINANCE,EQ,2929.55,2930,2962.9,2910.05,2922,2920.9,2938.66,1480565,4350874746.95,84236,378993,25.6,-0.003105802047782,0.018161199979382,0.012007138763208,0.015907379949233,1
2019-03-20,BAJFINANCE,EQ,2920.9,2924.8,2934.55,2857.8,2866,2868.6,2890.15,1406862,4066039574.3,49364,549410,39.05,-0.019214989059081,0.0268563230457,0.002970283502422,0.017786180128616,1
2019-03-22,BAJFINANCE,EQ,2868.6,2868,2895.5,2816,2842,2836.65,2848.99,1250876,3563737147.3,60237,351212,28.08,-0.010930962343096,0.028231534090909,0.002160604066584,0.018438790248439,1
2019-03-25,BAJFINANCE,BL,329.3,2836.65,2836.65,2836.65,2836.65,2836.65,2836.65,50175,142328913.75,1,50175,100,0,0,-0.001589262391163,0.015961913708522,1
2019-03-25,BAJFINANCE,EQ,2836.65,2804,2862,2801,2851,2849.8,2838.58,1066757,3028073793.05,53129,280575,26.3,0.016333808844508,0.021777936451267,-0.005472039874482,0.009015937987769,1
2019-03-26,BAJFINANCE,EQ,2849.8,2860,2942,2859,2940,2934.35,2906.01,1570637,4564279825.1,71147,379383,24.15,0.025996503496504,0.029031129765652,0.001052244244756,0.018308774811854,1
2019-03-27,BAJFINANCE,EQ,2934.35,2950,3014.15,2932.5,2943,2945.25,2970.99,2419656,7188779538.55,113120,482172,19.93,-0.001610169491525,0.027843137254902,0.005376256592935,0.014958726416514,1
2019-03-28,BAJFINANCE,EQ,2945.25,2940.1,3000,2940.05,2993,2995.85,2977.68,1366945,4070327232.15,81096,437392,32,0.018961940070066,0.020390809680108,0.011039865130542,0.01226060344445,1
2019-03-29,BAJFINANCE,EQ,2995.85,3010,3034.95,2965.6,3020.5,3025,3011.8,1734853,5225024838.4,103244,601988,34.7,0.004983388704319,0.02338481251686,0.012985890465589,0.010749317501425,1
2019-04-01,BAJFINANCE,EQ,3025,3030.2,3046.4,2991,2995,3001.45,3024.05,1109000,3353666436.65,67109,325377,29.34,-0.009487822585968,0.018522233366767,0.010501715688946,0.014080535134933,1
2019-04-02,BAJFINANCE,EQ,3001.45,3024.8,3077,2998.35,3073,3055.2,3027.29,1136238,3439720569.55,53912,244406,21.51,0.010050251256281,0.026231093768239,0.008149568177713,0.010640264887013,1
2019-04-03,BAJFINANCE,EQ,3055.2,3073,3089,3038.15,3046,3046,3069.19,1052752,3231095874,64587,302581,28.74,-0.00878620240807,0.016737159126442,0.006804391951947,0.011712266812237,1
2019-04-04,BAJFINANCE,EQ,3046,3060,3065,3017.45,3044,3039.45,3043.42,772776,2351883875.9,44516,172919,22.38,-0.00671568627451,0.015758338994847,0.002938278642977,0.010565329060797,1
2019-04-05,BAJFINANCE,EQ,3039.45,3048,3125,3046.1,3123,3114.2,3093.63,1244408,3849737046.3,59941,320917,25.79,0.021719160104987,0.025901973014675,0.005910906353711,0.014362550082264,1
2019-04-08,BAJFINANCE,EQ,3114.2,3123,3130,3018,3021,3024.1,3055.6,1642189,5017878949.75,78395,598983,36.47,-0.031668267691323,0.037110669317429,0.001681533356335,0.020988922712797,1
2019-04-09,BAJFINANCE,EQ,3024.1,3016.55,3049.1,2979.45,3010.6,3008.7,3009.43,1733324,5216313972.65,77367,592390,34.18,-0.002602310586597,0.023376797731125,-0.002918553707721,0.018966572051828,1
2019-04-10,BAJFINANCE,EQ,3008.7,3011.1,3037,2986,2997.45,2998.35,3009.65,994899,2994300477.1,49654,325521,32.72,-0.004234332968018,0.01707970529136,-0.003004306595438,0.018968065205964,1
2019-04-11,BAJFINANCE,EQ,2998.35,3008,3055,2992,3037.1,3047.85,3022.74,1016712,3073259403.1,53915,274857,27.03,0.013248005319149,0.02105614973262,0.000727581629231,0.020913859491695,1
2019-04-12,BAJFINANCE,EQ,3047.85,3052,3062,3001.3,3012,3008.8,3030.2,1048138,3176069482.3,51603,331975,31.67,-0.014154652686763,0.02022456935328,-0.006753533479972,0.016458132330298,1
2019-04-15,BAJFINANCE,EQ,3008.8,3028.6,3033,3001.95,3022,3022.25,3019.95,651634,1967903039.3,34056,164586,25.26,-0.002096678333223,0.010343276870035,-7.30915520094744E-05,0.011117865440523,1
2019-04-16,BAJFINANCE,EQ,3022.25,3018,3057.3,3018,3025.45,3032.5,3038.8,1021478,3104064353.1,57761,372648,36.48,0.00480450629556,0.013021868787276,0.001623695875585,0.010803264253377,1
2019-04-18,BAJFINANCE,EQ,3032.5,3038.7,3046,2995,3015,3014.45,3016.5,658826,1987348286.55,37851,143117,21.72,-0.007980386349426,0.017028380634391,0.001121263728482,0.011150477473045,1
2019-04-22,BAJFINANCE,EQ,3014.45,3010,3010,2975,2986,2991.25,2989.68,662157,1979635131.8,40610,199087,30.07,-0.006229235880399,0.011764705882353,-0.003719804870294,0.007434997542056,1
2019-04-23,BAJFINANCE,EQ,2991.25,2992,3058.5,2987.05,3037.1,3035.05,3029.12,991968,3004793962.25,44445,158516,15.98,0.014388368983957,0.023919920992283,0.001771198772735,0.009012066475418,1
2019-04-24,BAJFINANCE,EQ,3035.05,3035,3099,3032,3089.4,3093.05,3066.82,990580,3037933480.2,47446,234821,23.71,0.019126853377265,0.022097625329815,0.00469916745246,0.011993288713874,1
2019-04-25,BAJFINANCE,EQ,3093.05,3099.8,3114.4,3072.65,3081.95,3081,3093.19,1240564,3837301279.55,50358,479143,38.62,-0.006064907413382,0.013587619807007,0.00324169866815,0.012618427577213,1
2019-04-26,BAJFINANCE,EQ,3081,3089,3105,3045,3092,3096.85,3075.89,613807,1888004532.95,31537,113148,18.43,0.002541275493687,0.019704433497537,0.005461022326462,0.011525675469765,1
2019-04-30,BAJFINANCE,EQ,3096.85,3092,3120,3040,3100,3095.95,3074.66,900968,2770174607.95,47594,317545,35.24,0.001277490297542,0.026315789473684,0.006942151349256,0.009751452099563,1
2019-05-02,BAJFINANCE,EQ,3095.95,3095,3148.95,3060,3122.7,3131.75,3121.56,895830,2796387391.05,48625,187815,20.97,0.011873990306947,0.02906862745098,0.006326308618144,0.009226662449509,1
2019-05-03,BAJFINANCE,EQ,3131.75,3130.1,3165,3102.3,3110.9,3111.85,3135.44,730728,2291151907.05,36365,138494,18.95,-0.005830484649053,0.020210811333527,0.001233440847921,0.007214767500628,1
2019-05-06,BAJFINANCE,EQ,3111.85,3066,3094,3026,3041.2,3034.3,3065.33,966487,2962597747.9,60723,331084,34.26,-0.010339204174821,0.02247191011236,-0.002971566358574,0.013942197121672,1
2019-05-07,BAJFINANCE,EQ,3034.3,3052.9,3069.8,3007.6,3023,3017.05,3041.32,970264,2950885672.4,56586,233523,24.07,-0.011742932948999,0.020680941614577,-0.005137453380272,0.013186900543707,1
2019-05-08,BAJFINANCE,EQ,3017.05,3012,3017,2900,2910,2921.3,2969.3,1155023,3429605154.85,70959,375292,32.49,-0.030112881806109,0.040344827586207,-0.011426589543563,0.017188789759289,1
2019-05-09,BAJFINANCE,EQ,2921.3,2900,2991.8,2885,2969,2971.35,2951.93,1745234,5151802627.2,92225,369765,21.19,0.024603448275862,0.037019064124784,-0.010312731722083,0.019122685512901,1
2019-05-10,BAJFINANCE,EQ,2971.35,2970.1,2996,2900,2922,2922.85,2929.29,1630089,4775006288.2,84565,296922,18.22,-0.0159085552675,0.033103448275862,-0.012306386166867,0.019126445126877,1
2019-05-13,BAJFINANCE,EQ,2922.85,2929.9,2957.95,2906,2935,2931.85,2932.66,1356229,3977358447.9,61078,371085,27.36,0.000665551725315,0.01787680660702,-0.006706375483088,0.018601570707248,
